"","Date","30 yr fixed-rate"
"5","1971-04-02","7.33"
"6","1971-04-09","7.31"
"7","1971-04-16","7.31"
"8","1971-04-23","7.31"
"9","1971-04-30","7.29"
"10","1971-05-07","7.38"
"11","1971-05-14","7.42"
"12","1971-05-21","7.44"
"13","1971-05-28","7.46"
"14","1971-06-04","7.52"
"15","1971-06-11","7.52"
"16","1971-06-18","7.54"
"17","1971-06-25","7.54"
"18","1971-07-02","7.54"
"19","1971-07-09","7.54"
"20","1971-07-16","7.6"
"21","1971-07-23","7.65"
"22","1971-07-30","7.69"
"23","1971-08-06","7.66"
"24","1971-08-13","7.73"
"25","1971-08-20","7.71"
"26","1971-08-27","7.69"
"27","1971-09-03","7.71"
"28","1971-09-10","7.67"
"29","1971-09-17","7.7"
"30","1971-09-24","7.67"
"31","1971-10-01","7.67"
"32","1971-10-08","7.63"
"33","1971-10-15","7.63"
"34","1971-10-22","7.58"
"35","1971-10-29","7.63"
"36","1971-11-05","7.59"
"37","1971-11-12","7.56"
"38","1971-11-19","7.54"
"39","1971-11-26","7.51"
"40","1971-12-03","7.49"
"41","1971-12-10","7.47"
"42","1971-12-17","7.48"
"43","1971-12-24","7.48"
"44","1971-12-31","7.48"
"45","1972-01-07","7.46"
"46","1972-01-14","7.46"
"47","1972-01-21","7.43"
"48","1972-01-28","7.4"
"49","1972-02-04","7.35"
"50","1972-02-11","7.33"
"51","1972-02-18","7.31"
"52","1972-02-25","7.31"
"53","1972-03-03","7.32"
"54","1972-03-10","7.32"
"55","1972-03-17","7.31"
"56","1972-03-24","7.31"
"57","1972-03-31","7.23"
"58","1972-04-07","7.25"
"59","1972-04-14","7.29"
"60","1972-04-21","7.29"
"61","1972-04-28","7.33"
"62","1972-05-05","7.33"
"63","1972-05-12","7.38"
"64","1972-05-19","7.38"
"65","1972-05-26","7.4"
"66","1972-06-02","7.36"
"67","1972-06-09","7.38"
"68","1972-06-16","7.38"
"69","1972-06-23","7.36"
"70","1972-06-30","7.38"
"71","1972-07-07","7.38"
"72","1972-07-14","7.4"
"73","1972-07-21","7.4"
"74","1972-07-28","7.4"
"75","1972-08-04","7.35"
"76","1972-08-11","7.41"
"77","1972-08-18","7.42"
"78","1972-08-25","7.42"
"79","1972-09-01","7.42"
"80","1972-09-08","7.42"
"81","1972-09-15","7.42"
"82","1972-09-22","7.41"
"83","1972-09-29","7.43"
"84","1972-10-06","7.41"
"85","1972-10-13","7.41"
"86","1972-10-20","7.44"
"87","1972-10-27","7.42"
"88","1972-11-03","7.43"
"89","1972-11-10","7.42"
"90","1972-11-17","7.42"
"91","1972-11-24","7.44"
"92","1972-12-01","7.45"
"93","1972-12-08","7.43"
"94","1972-12-15","7.43"
"95","1972-12-22","7.45"
"96","1972-12-29","7.45"
"97","1973-01-05","7.44"
"98","1973-01-12","7.44"
"99","1973-01-19","7.44"
"100","1973-01-26","7.43"
"101","1973-02-02","7.43"
"102","1973-02-09","7.43"
"103","1973-02-16","7.45"
"104","1973-02-23","7.45"
"105","1973-03-02","7.45"
"106","1973-03-09","7.45"
"107","1973-03-16","7.45"
"108","1973-03-23","7.45"
"109","1973-03-30","7.49"
"110","1973-04-06","7.51"
"111","1973-04-13","7.54"
"112","1973-04-20","7.56"
"113","1973-04-27","7.56"
"114","1973-05-04","7.58"
"115","1973-05-11","7.64"
"116","1973-05-18","7.69"
"117","1973-05-24","7.7"
"118","1973-06-01","7.7"
"119","1973-06-08","7.73"
"120","1973-06-15","7.73"
"121","1973-06-22","7.75"
"122","1973-06-29","7.76"
"123","1973-07-06","7.89"
"124","1973-07-13","8.01"
"125","1973-07-20","8.1199999999999992"
"126","1973-07-27","8.18"
"127","1973-08-03","8.26"
"128","1973-08-10","8.4"
"129","1973-08-17","8.5500000000000007"
"130","1973-08-24","8.61"
"131","1973-08-31","8.66"
"132","1973-09-07","8.77"
"133","1973-09-14","8.81"
"134","1973-09-21","8.83"
"135","1973-09-28","8.85"
"136","1973-10-05","8.82"
"137","1973-10-12","8.83"
"138","1973-10-19","8.75"
"139","1973-10-26","8.68"
"140","1973-11-02","8.6199999999999992"
"141","1973-11-09","8.59"
"142","1973-11-16","8.58"
"143","1973-11-23","8.57"
"144","1973-11-30","8.5500000000000007"
"145","1973-12-07","8.5299999999999994"
"146","1973-12-14","8.5299999999999994"
"147","1973-12-21","8.5299999999999994"
"148","1973-12-28","8.56"
"149","1974-01-04","8.56"
"150","1974-01-11","8.5299999999999994"
"151","1974-01-18","8.5500000000000007"
"152","1974-01-25","8.52"
"153","1974-02-01","8.48"
"154","1974-02-08","8.4600000000000009"
"155","1974-02-15","8.4600000000000009"
"156","1974-02-22","8.42"
"157","1974-03-01","8.41"
"158","1974-03-08","8.41"
"159","1974-03-15","8.4"
"160","1974-03-22","8.4"
"161","1974-03-29","8.41"
"162","1974-04-05","8.44"
"163","1974-04-12","8.5299999999999994"
"164","1974-04-19","8.6300000000000008"
"165","1974-04-26","8.73"
"166","1974-05-03","8.8699999999999992"
"167","1974-05-10","8.98"
"168","1974-05-17","8.9700000000000006"
"169","1974-05-24","9.01"
"170","1974-05-31","9.0299999999999994"
"171","1974-06-07","9.06"
"172","1974-06-14","9.11"
"173","1974-06-21","9.07"
"174","1974-06-28","9.1"
"175","1974-07-05","9.14"
"176","1974-07-12","9.19"
"177","1974-07-19","9.3699999999999992"
"178","1974-07-26","9.42"
"179","1974-08-02","9.4700000000000006"
"180","1974-08-09","9.5"
"181","1974-08-16","9.6"
"182","1974-08-23","9.6199999999999992"
"183","1974-08-30","9.74"
"184","1974-09-06","9.8800000000000008"
"185","1974-09-13","9.92"
"186","1974-09-20","10"
"187","1974-09-27","10.029999999999999"
"188","1974-10-04","10.02"
"189","1974-10-11","9.9600000000000009"
"190","1974-10-18","9.99"
"191","1974-10-25","9.94"
"192","1974-11-01","9.8699999999999992"
"193","1974-11-08","9.81"
"194","1974-11-15","9.81"
"195","1974-11-22","9.73"
"196","1974-11-29","9.7200000000000006"
"197","1974-12-06","9.69"
"198","1974-12-13","9.6300000000000008"
"199","1974-12-20","9.58"
"200","1974-12-27","9.56"
"201","1975-01-03","9.6"
"202","1975-01-10","9.49"
"203","1975-01-17","9.43"
"204","1975-01-24","9.35"
"205","1975-01-31","9.2899999999999991"
"206","1975-02-07","9.1999999999999993"
"207","1975-02-14","9.1300000000000008"
"208","1975-02-21","9.07"
"209","1975-02-28","9.02"
"210","1975-03-07","9"
"211","1975-03-14","8.89"
"212","1975-03-21","8.86"
"213","1975-03-28","8.86"
"214","1975-04-04","8.83"
"215","1975-04-11","8.81"
"216","1975-04-18","8.8000000000000007"
"217","1975-04-25","8.84"
"218","1975-05-02","8.92"
"219","1975-05-09","8.8800000000000008"
"220","1975-05-16","8.92"
"221","1975-05-23","8.92"
"222","1975-05-30","8.89"
"223","1975-06-06","8.89"
"224","1975-06-13","8.9"
"225","1975-06-20","8.8800000000000008"
"226","1975-06-27","8.9"
"227","1975-07-03","8.8800000000000008"
"228","1975-07-11","8.9"
"229","1975-07-18","8.89"
"230","1975-07-25","8.89"
"231","1975-08-01","8.89"
"232","1975-08-08","8.89"
"233","1975-08-15","8.93"
"234","1975-08-22","8.98"
"235","1975-08-29","9.02"
"236","1975-09-05","9.08"
"237","1975-09-12","9.16"
"238","1975-09-19","9.14"
"239","1975-09-26","9.14"
"240","1975-10-03","9.1999999999999993"
"241","1975-10-10","9.2100000000000009"
"242","1975-10-17","9.2100000000000009"
"243","1975-10-24","9.26"
"244","1975-10-31","9.24"
"245","1975-11-07","9.19"
"246","1975-11-14","9.16"
"247","1975-11-21","9.1199999999999992"
"248","1975-11-28","9.11"
"249","1975-12-05","9.11"
"250","1975-12-12","9.11"
"251","1975-12-19","9.08"
"252","1975-12-26","9.09"
"253","1976-01-02","9.1"
"254","1976-01-09","9.07"
"255","1976-01-16","9.01"
"256","1976-01-23","9"
"257","1976-01-30","8.9"
"258","1976-02-06","8.86"
"259","1976-02-13","8.83"
"260","1976-02-20","8.81"
"261","1976-02-27","8.75"
"262","1976-03-05","8.77"
"263","1976-03-12","8.75"
"264","1976-03-19","8.75"
"265","1976-03-26","8.75"
"266","1976-04-02","8.6999999999999993"
"267","1976-04-09","8.6999999999999993"
"268","1976-04-16","8.75"
"269","1976-04-23","8.75"
"270","1976-04-30","8.75"
"271","1976-05-07","8.75"
"272","1976-05-14","8.75"
"273","1976-05-21","8.7799999999999994"
"274","1976-05-28","8.7799999999999994"
"275","1976-06-04","8.7799999999999994"
"276","1976-06-11","8.83"
"277","1976-06-18","8.8800000000000008"
"278","1976-06-25","8.9"
"279","1976-07-02","8.93"
"280","1976-07-09","8.93"
"281","1976-07-16","8.93"
"282","1976-07-23","8.9"
"283","1976-07-30","8.98"
"284","1976-08-06","9"
"285","1976-08-13","9"
"286","1976-08-20","9"
"287","1976-08-27","9"
"288","1976-09-03","9"
"289","1976-09-10","8.9700000000000006"
"290","1976-09-17","8.9700000000000006"
"291","1976-09-24","8.9700000000000006"
"292","1976-10-01","8.9"
"293","1976-10-08","8.9499999999999993"
"294","1976-10-15","8.9499999999999993"
"295","1976-10-22","8.9499999999999993"
"296","1976-10-29","8.9"
"297","1976-11-05","8.85"
"298","1976-11-12","8.8000000000000007"
"299","1976-11-19","8.8000000000000007"
"300","1976-11-26","8.8000000000000007"
"301","1976-12-03","8.8000000000000007"
"302","1976-12-10","8.8000000000000007"
"303","1976-12-17","8.8000000000000007"
"304","1976-12-24","8.7799999999999994"
"305","1976-12-31","8.7799999999999994"
"306","1977-01-07","8.6999999999999993"
"307","1977-01-14","8.73"
"308","1977-01-21","8.73"
"309","1977-01-28","8.73"
"310","1977-02-04","8.68"
"311","1977-02-11","8.6999999999999993"
"312","1977-02-18","8.65"
"313","1977-02-25","8.65"
"314","1977-03-04","8.65"
"315","1977-03-11","8.6999999999999993"
"316","1977-03-18","8.6999999999999993"
"317","1977-03-25","8.6999999999999993"
"318","1977-04-01","8.6999999999999993"
"319","1977-04-08","8.75"
"320","1977-04-15","8.75"
"321","1977-04-22","8.7799999999999994"
"322","1977-04-29","8.7799999999999994"
"323","1977-05-06","8.7799999999999994"
"324","1977-05-13","8.83"
"325","1977-05-20","8.85"
"326","1977-05-27","8.85"
"327","1977-06-03","8.85"
"328","1977-06-10","8.85"
"329","1977-06-17","8.85"
"330","1977-06-24","8.8800000000000008"
"331","1977-07-01","8.9499999999999993"
"332","1977-07-08","8.93"
"333","1977-07-15","8.9499999999999993"
"334","1977-07-22","8.9499999999999993"
"335","1977-07-29","8.93"
"336","1977-08-05","8.9499999999999993"
"337","1977-08-12","8.9499999999999993"
"338","1977-08-19","8.93"
"339","1977-08-26","8.93"
"340","1977-09-02","8.8800000000000008"
"341","1977-09-09","8.9"
"342","1977-09-16","8.9"
"343","1977-09-23","8.9"
"344","1977-09-30","8.9"
"345","1977-10-07","8.93"
"346","1977-10-14","8.93"
"347","1977-10-21","8.93"
"348","1977-10-28","8.9"
"349","1977-11-04","8.9"
"350","1977-11-11","8.93"
"351","1977-11-18","8.93"
"352","1977-11-25","8.93"
"353","1977-12-02","8.9499999999999993"
"354","1977-12-09","8.9499999999999993"
"355","1977-12-16","8.9499999999999993"
"356","1977-12-23","8.9499999999999993"
"357","1977-12-30","9"
"358","1978-01-06","9"
"359","1978-01-13","9.0299999999999994"
"360","1978-01-20","8.98"
"361","1978-01-27","9.0500000000000007"
"362","1978-02-03","9.1300000000000008"
"363","1978-02-10","9.15"
"364","1978-02-17","9.15"
"365","1978-02-24","9.15"
"366","1978-03-03","9.15"
"367","1978-03-10","9.15"
"368","1978-03-17","9.23"
"369","1978-03-24","9.23"
"370","1978-03-31","9.25"
"371","1978-04-07","9.2799999999999994"
"372","1978-04-14","9.33"
"373","1978-04-21","9.3800000000000008"
"374","1978-04-28","9.43"
"375","1978-05-05","9.48"
"376","1978-05-12","9.5500000000000007"
"377","1978-05-19","9.58"
"378","1978-05-26","9.68"
"379","1978-06-02","9.68"
"380","1978-06-09","9.6999999999999993"
"381","1978-06-16","9.73"
"382","1978-06-23","9.6999999999999993"
"383","1978-06-30","9.73"
"384","1978-07-07","9.73"
"385","1978-07-14","9.73"
"386","1978-07-21","9.75"
"387","1978-07-28","9.75"
"388","1978-08-04","9.7799999999999994"
"389","1978-08-11","9.7799999999999994"
"390","1978-08-18","9.7799999999999994"
"391","1978-08-25","9.8000000000000007"
"392","1978-09-01","9.75"
"393","1978-09-08","9.75"
"394","1978-09-15","9.75"
"395","1978-09-22","9.75"
"396","1978-09-29","9.7799999999999994"
"397","1978-10-06","9.85"
"398","1978-10-13","9.85"
"399","1978-10-20","9.85"
"400","1978-10-27","9.8800000000000008"
"401","1978-11-03","9.9"
"402","1978-11-10","10.050000000000001"
"403","1978-11-17","10.199999999999999"
"404","1978-11-24","10.28"
"405","1978-12-01","10.3"
"406","1978-12-08","10.35"
"407","1978-12-15","10.35"
"408","1978-12-22","10.35"
"409","1978-12-29","10.38"
"410","1979-01-05","10.38"
"411","1979-01-12","10.38"
"412","1979-01-19","10.4"
"413","1979-01-26","10.4"
"414","1979-02-02","10.4"
"415","1979-02-09","10.43"
"416","1979-02-16","10.4"
"417","1979-02-23","10.4"
"418","1979-03-02","10.43"
"419","1979-03-09","10.4"
"420","1979-03-16","10.4"
"421","1979-03-23","10.45"
"422","1979-03-30","10.45"
"423","1979-04-06","10.48"
"424","1979-04-13","10.48"
"425","1979-04-20","10.5"
"426","1979-04-27","10.53"
"427","1979-05-04","10.6"
"428","1979-05-11","10.68"
"429","1979-05-18","10.73"
"430","1979-05-25","10.75"
"431","1979-06-01","10.9"
"432","1979-06-08","11.03"
"433","1979-06-15","11.05"
"434","1979-06-22","11.1"
"435","1979-06-29","11.1"
"436","1979-07-06","11.13"
"437","1979-07-13","11.08"
"438","1979-07-20","11.08"
"439","1979-07-27","11.08"
"440","1979-08-03","11.08"
"441","1979-08-10","11.08"
"442","1979-08-17","11.08"
"443","1979-08-24","11.1"
"444","1979-08-31","11.13"
"445","1979-09-07","11.2"
"446","1979-09-14","11.3"
"447","1979-09-21","11.35"
"448","1979-09-28","11.35"
"449","1979-10-05","11.35"
"450","1979-10-12","11.45"
"451","1979-10-19","11.75"
"452","1979-10-26","12"
"453","1979-11-02","12.8"
"454","1979-11-09","12.85"
"455","1979-11-16","12.8"
"456","1979-11-23","12.8"
"457","1979-11-30","12.9"
"458","1979-12-07","12.9"
"459","1979-12-14","12.9"
"460","1979-12-21","12.9"
"461","1979-12-28","12.9"
"462","1980-01-04","12.85"
"463","1980-01-11","12.9"
"464","1980-01-18","12.87"
"465","1980-01-25","12.89"
"466","1980-02-01","12.85"
"467","1980-02-08","12.85"
"468","1980-02-15","12.875"
"469","1980-02-22","13.025"
"470","1980-02-29","13.59"
"471","1980-03-07","14"
"472","1980-03-14","15.4"
"473","1980-03-21","15.7"
"474","1980-03-28","16.024999999999999"
"475","1980-04-04","16.350000000000001"
"476","1980-04-11","16.350000000000001"
"477","1980-04-18","16.350000000000001"
"478","1980-04-25","16.25"
"479","1980-05-02","15.9"
"480","1980-05-09","14.675000000000001"
"481","1980-05-16","14.15"
"482","1980-05-23","13.375"
"483","1980-05-30","13.2"
"484","1980-06-06","13.06"
"485","1980-06-13","12.85"
"486","1980-06-20","12.574999999999999"
"487","1980-06-27","12.35"
"488","1980-07-04","12.175000000000001"
"489","1980-07-11","12.225"
"490","1980-07-18","12.175000000000001"
"491","1980-07-25","12.175000000000001"
"492","1980-08-01","12.25"
"493","1980-08-08","12.25"
"494","1980-08-15","12.55"
"495","1980-08-22","12.8"
"496","1980-08-29","12.95"
"497","1980-09-05","13.025"
"498","1980-09-12","13.074999999999999"
"499","1980-09-19","13.25"
"500","1980-09-26","13.425000000000001"
"501","1980-10-03","13.6"
"502","1980-10-10","13.725"
"503","1980-10-17","13.775"
"504","1980-10-24","13.85"
"505","1980-10-31","14"
"506","1980-11-07","14.074999999999999"
"507","1980-11-14","14.175000000000001"
"508","1980-11-21","14.275"
"509","1980-11-28","14.275"
"510","1980-12-05","14.425000000000001"
"511","1980-12-12","14.824999999999999"
"512","1980-12-19","14.95"
"513","1980-12-26","14.95"
"514","1981-01-02","14.95"
"515","1981-01-09","14.8"
"516","1981-01-16","14.85"
"517","1981-01-23","14.85"
"518","1981-01-30","15.07"
"519","1981-02-06","15"
"520","1981-02-13","15.03"
"521","1981-02-20","15.2"
"522","1981-02-27","15.3"
"523","1981-03-06","15.4"
"524","1981-03-13","15.4"
"525","1981-03-20","15.4"
"526","1981-03-27","15.4"
"527","1981-04-03","15.4"
"528","1981-04-10","15.5"
"529","1981-04-17","15.65"
"530","1981-04-24","15.77"
"531","1981-05-01","15.82"
"532","1981-05-08","16.12"
"533","1981-05-15","16.64"
"534","1981-05-22","16.63"
"535","1981-05-29","16.8"
"536","1981-06-05","16.760000000000002"
"537","1981-06-12","16.690000000000001"
"538","1981-06-19","16.71"
"539","1981-06-26","16.62"
"540","1981-07-03","16.64"
"541","1981-07-10","16.79"
"542","1981-07-17","16.739999999999998"
"543","1981-07-24","16.88"
"544","1981-07-31","17.11"
"545","1981-08-07","17.13"
"546","1981-08-14","17.27"
"547","1981-08-21","17.260000000000002"
"548","1981-08-28","17.48"
"549","1981-09-04","17.79"
"550","1981-09-11","18.22"
"551","1981-09-18","18.27"
"552","1981-09-25","18.36"
"553","1981-10-02","18.28"
"554","1981-10-09","18.63"
"555","1981-10-16","18.53"
"556","1981-10-21","18.39"
"557","1981-10-30","18.440000000000001"
"558","1981-11-06","18.37"
"559","1981-11-13","18.02"
"560","1981-11-20","17.7"
"561","1981-11-27","17.21"
"562","1981-12-04","16.899999999999999"
"563","1981-12-11","16.940000000000001"
"564","1981-12-18","16.899999999999999"
"565","1981-12-25","16.95"
"566","1981-12-31","17.04"
"567","1982-01-08","17.3"
"568","1982-01-15","17.440000000000001"
"569","1982-01-22","17.61"
"570","1982-01-29","17.59"
"571","1982-02-05","17.559999999999999"
"572","1982-02-12","17.649999999999999"
"573","1982-02-19","17.66"
"574","1982-02-26","17.52"
"575","1982-03-05","17.29"
"576","1982-03-12","17.190000000000001"
"577","1982-03-19","17.12"
"578","1982-03-26","17.04"
"579","1982-04-02","16.95"
"580","1982-04-09","16.91"
"581","1982-04-16","16.93"
"582","1982-04-23","16.86"
"583","1982-04-30","16.809999999999999"
"584","1982-05-07","16.78"
"585","1982-05-14","16.63"
"586","1982-05-21","16.670000000000002"
"587","1982-05-28","16.63"
"588","1982-06-04","16.649999999999999"
"589","1982-06-11","16.7"
"590","1982-06-18","16.71"
"591","1982-06-25","16.73"
"592","1982-07-02","16.87"
"593","1982-07-09","16.93"
"594","1982-07-16","16.88"
"595","1982-07-23","16.75"
"596","1982-07-30","16.649999999999999"
"597","1982-08-06","16.55"
"598","1982-08-13","16.440000000000001"
"599","1982-08-20","16.21"
"600","1982-08-27","15.88"
"601","1982-09-03","15.59"
"602","1982-09-10","15.56"
"603","1982-09-17","15.38"
"604","1982-09-24","15.19"
"605","1982-10-01","15.13"
"606","1982-10-08","14.96"
"607","1982-10-15","14.6"
"608","1982-10-22","14.2"
"609","1982-10-29","14.15"
"610","1982-11-05","13.91"
"611","1982-11-12","13.84"
"612","1982-11-19","13.78"
"613","1982-11-26","13.77"
"614","1982-12-03","13.66"
"615","1982-12-10","13.66"
"616","1982-12-17","13.63"
"617","1982-12-24","13.6"
"618","1982-12-31","13.57"
"619","1983-01-07","13.46"
"620","1983-01-14","13.31"
"621","1983-01-21","13.12"
"622","1983-01-28","13.1"
"623","1983-02-04","13.06"
"624","1983-02-11","13.06"
"625","1983-02-18","13.07"
"626","1983-02-25","12.98"
"627","1983-03-04","12.74"
"628","1983-03-11","12.79"
"629","1983-03-18","12.81"
"630","1983-03-25","12.86"
"631","1983-04-01","12.82"
"632","1983-04-08","12.82"
"633","1983-04-15","12.79"
"634","1983-04-22","12.75"
"635","1983-04-29","12.73"
"636","1983-05-06","12.71"
"637","1983-05-13","12.59"
"638","1983-05-20","12.55"
"639","1983-05-27","12.68"
"640","1983-06-03","12.74"
"641","1983-06-10","12.82"
"642","1983-06-17","12.96"
"643","1983-06-24","12.96"
"644","1983-07-01","13.08"
"645","1983-07-08","13.3"
"646","1983-07-15","13.5"
"647","1983-07-22","13.58"
"648","1983-07-29","13.65"
"649","1983-08-05","13.73"
"650","1983-08-12","13.84"
"651","1983-08-19","13.89"
"652","1983-08-26","13.78"
"653","1983-09-02","13.77"
"654","1983-09-09","13.77"
"655","1983-09-16","13.72"
"656","1983-09-23","13.72"
"657","1983-09-30","13.65"
"658","1983-10-07","13.59"
"659","1983-10-14","13.6"
"660","1983-10-21","13.52"
"661","1983-10-28","13.43"
"662","1983-11-04","13.42"
"663","1983-11-11","13.47"
"664","1983-11-18","13.42"
"665","1983-11-25","13.43"
"666","1983-12-02","13.41"
"667","1983-12-09","13.38"
"668","1983-12-16","13.42"
"669","1983-12-23","13.46"
"670","1983-12-30","13.43"
"671","1984-01-06","13.43"
"672","1984-01-13","13.4"
"673","1984-01-20","13.35"
"674","1984-01-27","13.29"
"675","1984-02-03","13.26"
"676","1984-02-10","13.23"
"677","1984-02-17","13.19"
"678","1984-02-24","13.25"
"679","1984-03-02","13.23"
"680","1984-03-09","13.3"
"681","1984-03-16","13.37"
"682","1984-03-23","13.48"
"683","1984-03-30","13.55"
"684","1984-04-06","13.63"
"685","1984-04-13","13.58"
"686","1984-04-20","13.67"
"687","1984-04-27","13.73"
"688","1984-05-04","13.78"
"689","1984-05-11","13.87"
"690","1984-05-18","14.04"
"691","1984-05-25","14.08"
"692","1984-06-01","14.29"
"693","1984-06-08","14.33"
"694","1984-06-15","14.47"
"695","1984-06-22","14.49"
"696","1984-06-29","14.5"
"697","1984-07-06","14.66"
"698","1984-07-13","14.68"
"699","1984-07-20","14.66"
"700","1984-07-27","14.67"
"701","1984-08-03","14.68"
"702","1984-08-10","14.54"
"703","1984-08-17","14.39"
"704","1984-08-24","14.36"
"705","1984-08-31","14.38"
"706","1984-09-07","14.42"
"707","1984-09-14","14.43"
"708","1984-09-21","14.29"
"709","1984-09-28","14.26"
"710","1984-10-05","14.18"
"711","1984-10-12","14.19"
"712","1984-10-19","14.1"
"713","1984-10-26","14.05"
"714","1984-11-02","13.85"
"715","1984-11-09","13.74"
"716","1984-11-16","13.63"
"717","1984-11-23","13.55"
"718","1984-11-30","13.42"
"719","1984-12-07","13.2"
"720","1984-12-14","13.2"
"721","1984-12-21","13.18"
"722","1984-12-28","13.14"
"723","1985-01-04","13.1"
"724","1985-01-11","13.12"
"725","1985-01-18","13.12"
"726","1985-01-25","12.96"
"727","1985-02-01","12.93"
"728","1985-02-08","12.91"
"729","1985-02-15","12.9"
"730","1985-02-22","12.94"
"731","1985-03-01","13.02"
"732","1985-03-08","13.1"
"733","1985-03-15","13.2"
"734","1985-03-22","13.24"
"735","1985-03-29","13.29"
"736","1985-04-05","13.27"
"737","1985-04-12","13.23"
"738","1985-04-19","13.16"
"739","1985-04-26","13.12"
"740","1985-05-03","13.07"
"741","1985-05-10","13.02"
"742","1985-05-17","12.94"
"743","1985-05-24","12.83"
"744","1985-05-31","12.71"
"745","1985-06-07","12.39"
"746","1985-06-14","12.27"
"747","1985-06-21","12.05"
"748","1985-06-28","12.15"
"749","1985-07-05","12.13"
"750","1985-07-12","12.03"
"751","1985-07-19","11.94"
"752","1985-07-26","12.03"
"753","1985-08-02","12.17"
"754","1985-08-09","12.23"
"755","1985-08-16","12.24"
"756","1985-08-23","12.18"
"757","1985-08-30","12.11"
"758","1985-09-06","12.15"
"759","1985-09-13","12.24"
"760","1985-09-20","12.21"
"761","1985-09-27","12.17"
"762","1985-10-04","12.17"
"763","1985-10-11","12.17"
"764","1985-10-18","12.13"
"765","1985-10-25","12.07"
"766","1985-11-01","12.01"
"767","1985-11-08","11.9"
"768","1985-11-15","11.79"
"769","1985-11-22","11.64"
"770","1985-11-29","11.58"
"771","1985-12-06","11.5"
"772","1985-12-13","11.31"
"773","1985-12-20","11.14"
"774","1985-12-27","11.09"
"775","1986-01-03","10.81"
"776","1986-01-10","10.77"
"777","1986-01-17","10.99"
"778","1986-01-24","10.97"
"779","1986-01-31","10.89"
"780","1986-02-07","10.85"
"781","1986-02-14","10.8"
"782","1986-02-21","10.68"
"783","1986-02-28","10.51"
"784","1986-03-07","10.199999999999999"
"785","1986-03-14","10.01"
"786","1986-03-21","10.01"
"787","1986-03-28","10.1"
"788","1986-04-04","9.99"
"789","1986-04-11","9.98"
"790","1986-04-18","9.92"
"791","1986-04-25","9.86"
"792","1986-05-02","9.9"
"793","1986-05-09","10"
"794","1986-05-16","10.08"
"795","1986-05-23","10.36"
"796","1986-05-30","10.38"
"797","1986-06-06","10.74"
"798","1986-06-13","10.76"
"799","1986-06-20","10.61"
"800","1986-06-27","10.62"
"801","1986-07-04","10.61"
"802","1986-07-11","10.59"
"803","1986-07-18","10.43"
"804","1986-07-25","10.4"
"805","1986-08-01","10.4"
"806","1986-08-08","10.4"
"807","1986-08-15","10.23"
"808","1986-08-22","10.039999999999999"
"809","1986-08-29","9.93"
"810","1986-09-05","9.9"
"811","1986-09-12","9.9600000000000009"
"812","1986-09-19","10.07"
"813","1986-09-26","10.1"
"814","1986-10-03","10.08"
"815","1986-10-10","9.99"
"816","1986-10-17","9.9600000000000009"
"817","1986-10-24","9.9499999999999993"
"818","1986-10-31","9.89"
"819","1986-11-07","9.83"
"820","1986-11-14","9.81"
"821","1986-11-21","9.64"
"822","1986-11-28","9.5"
"823","1986-12-05","9.3000000000000007"
"824","1986-12-12","9.35"
"825","1986-12-19","9.3000000000000007"
"826","1986-12-26","9.2899999999999991"
"827","1987-01-02","9.3699999999999992"
"828","1987-01-09","9.32"
"829","1987-01-16","9.2100000000000009"
"830","1987-01-23","9.0399999999999991"
"831","1987-01-30","9.08"
"832","1987-02-06","9.06"
"833","1987-02-13","9.09"
"834","1987-02-20","9.11"
"835","1987-02-27","9.07"
"836","1987-03-06","9.0299999999999994"
"837","1987-03-13","9.0500000000000007"
"838","1987-03-20","9.0299999999999994"
"839","1987-03-27","9.0299999999999994"
"840","1987-04-03","9.26"
"841","1987-04-10","9.43"
"842","1987-04-17","10.27"
"843","1987-04-24","10.37"
"844","1987-05-01","10.47"
"845","1987-05-08","10.52"
"846","1987-05-15","10.48"
"847","1987-05-22","10.81"
"848","1987-05-29","10.7"
"849","1987-06-05","10.7"
"850","1987-06-12","10.66"
"851","1987-06-19","10.44"
"852","1987-06-26","10.35"
"853","1987-07-03","10.36"
"854","1987-07-10","10.3"
"855","1987-07-17","10.23"
"856","1987-07-24","10.23"
"857","1987-07-31","10.27"
"858","1987-08-07","10.35"
"859","1987-08-14","10.34"
"860","1987-08-21","10.3"
"861","1987-08-28","10.33"
"862","1987-09-04","10.63"
"863","1987-09-11","10.91"
"864","1987-09-18","10.99"
"865","1987-09-25","11.02"
"866","1987-10-02","11.18"
"867","1987-10-09","11.21"
"868","1987-10-16","11.58"
"869","1987-10-23","11.36"
"870","1987-10-30","10.97"
"871","1987-11-06","10.79"
"872","1987-11-13","10.66"
"873","1987-11-20","10.6"
"874","1987-11-27","10.55"
"875","1987-12-04","10.6"
"876","1987-12-11","10.66"
"877","1987-12-18","10.69"
"878","1987-12-25","10.64"
"879","1987-12-31","10.61"
"880","1988-01-08","10.5"
"881","1988-01-15","10.53"
"882","1988-01-22","10.34"
"883","1988-01-29","10.16"
"884","1988-02-05","9.94"
"885","1988-02-12","9.84"
"886","1988-02-19","9.92"
"887","1988-02-26","9.8699999999999992"
"888","1988-03-04","9.85"
"889","1988-03-11","9.9600000000000009"
"890","1988-03-18","9.92"
"891","1988-03-25","9.99"
"892","1988-04-01","10.050000000000001"
"893","1988-04-08","10.19"
"894","1988-04-15","10.19"
"895","1988-04-22","10.3"
"896","1988-04-29","10.28"
"897","1988-05-06","10.32"
"898","1988-05-13","10.4"
"899","1988-05-20","10.52"
"900","1988-05-27","10.58"
"901","1988-06-03","10.58"
"902","1988-06-10","10.51"
"903","1988-06-17","10.35"
"904","1988-06-24","10.4"
"905","1988-07-01","10.39"
"906","1988-07-08","10.38"
"907","1988-07-15","10.44"
"908","1988-07-22","10.46"
"909","1988-07-29","10.49"
"910","1988-08-05","10.44"
"911","1988-08-12","10.57"
"912","1988-08-19","10.71"
"913","1988-08-26","10.67"
"914","1988-09-02","10.65"
"915","1988-09-09","10.53"
"916","1988-09-16","10.4"
"917","1988-09-23","10.4"
"918","1988-09-30","10.42"
"919","1988-10-07","10.38"
"920","1988-10-14","10.33"
"921","1988-10-21","10.28"
"922","1988-10-28","10.220000000000001"
"923","1988-11-04","10.119999999999999"
"924","1988-11-11","10.24"
"925","1988-11-18","10.31"
"926","1988-11-25","10.39"
"927","1988-12-02","10.44"
"928","1988-12-09","10.46"
"929","1988-12-16","10.71"
"930","1988-12-23","10.68"
"931","1988-12-30","10.77"
"932","1989-01-06","10.8"
"933","1989-01-13","10.81"
"934","1989-01-20","10.71"
"935","1989-01-27","10.6"
"936","1989-02-03","10.55"
"937","1989-02-10","10.56"
"938","1989-02-17","10.69"
"939","1989-02-24","10.78"
"940","1989-03-03","10.91"
"941","1989-03-10","10.86"
"942","1989-03-17","10.98"
"943","1989-03-24","11.22"
"944","1989-03-31","11.19"
"945","1989-04-07","11.07"
"946","1989-04-14","11.11"
"947","1989-04-21","10.99"
"948","1989-04-28","11.03"
"949","1989-05-05","10.97"
"950","1989-05-12","10.93"
"951","1989-05-19","10.69"
"952","1989-05-26","10.5"
"953","1989-06-02","10.48"
"954","1989-06-09","10.199999999999999"
"955","1989-06-16","10.039999999999999"
"956","1989-06-23","10.19"
"957","1989-06-30","10.07"
"958","1989-07-07","10.029999999999999"
"959","1989-07-14","9.82"
"960","1989-07-21","9.8699999999999992"
"961","1989-07-28","9.81"
"962","1989-08-04","9.68"
"963","1989-08-11","9.9600000000000009"
"964","1989-08-18","10.09"
"965","1989-08-25","10.210000000000001"
"966","1989-09-01","10.220000000000001"
"967","1989-09-08","10.17"
"968","1989-09-15","10.050000000000001"
"969","1989-09-22","10.029999999999999"
"970","1989-09-29","10.16"
"971","1989-10-06","10.1"
"972","1989-10-13","9.9499999999999993"
"973","1989-10-20","9.92"
"974","1989-10-27","9.82"
"975","1989-11-03","9.82"
"976","1989-11-10","9.7899999999999991"
"977","1989-11-17","9.7200000000000006"
"978","1989-11-24","9.74"
"979","1989-12-01","9.74"
"980","1989-12-08","9.76"
"981","1989-12-15","9.75"
"982","1989-12-22","9.69"
"983","1989-12-29","9.7799999999999994"
"984","1990-01-05","9.83"
"985","1990-01-12","9.8000000000000007"
"986","1990-01-19","9.9"
"987","1990-01-26","10.050000000000001"
"988","1990-02-02","10.17"
"989","1990-02-09","10.210000000000001"
"990","1990-02-16","10.1"
"991","1990-02-23","10.31"
"992","1990-03-02","10.23"
"993","1990-03-09","10.29"
"994","1990-03-16","10.34"
"995","1990-03-23","10.26"
"996","1990-03-30","10.220000000000001"
"997","1990-04-06","10.26"
"998","1990-04-13","10.25"
"999","1990-04-20","10.41"
"1000","1990-04-27","10.56"
"1001","1990-05-04","10.67"
"1002","1990-05-11","10.54"
"1003","1990-05-18","10.37"
"1004","1990-05-25","10.33"
"1005","1990-06-01","10.29"
"1006","1990-06-08","10.1"
"1007","1990-06-15","10.119999999999999"
"1008","1990-06-22","10.16"
"1009","1990-06-29","10.15"
"1010","1990-07-06","10.06"
"1011","1990-07-13","10.11"
"1012","1990-07-20","9.99"
"1013","1990-07-27","9.98"
"1014","1990-08-03","9.84"
"1015","1990-08-10","10.08"
"1016","1990-08-17","10.050000000000001"
"1017","1990-08-24","10.29"
"1018","1990-08-31","10.24"
"1019","1990-09-07","10.19"
"1020","1990-09-14","10.130000000000001"
"1021","1990-09-21","10.16"
"1022","1990-09-28","10.220000000000001"
"1023","1990-10-05","10.08"
"1024","1990-10-12","10.220000000000001"
"1025","1990-10-19","10.24"
"1026","1990-10-26","10.17"
"1027","1990-11-02","10.130000000000001"
"1028","1990-11-09","10.09"
"1029","1990-11-16","10.02"
"1030","1990-11-23","9.93"
"1031","1990-11-30","9.9"
"1032","1990-12-07","9.81"
"1033","1990-12-14","9.56"
"1034","1990-12-21","9.64"
"1035","1990-12-28","9.68"
"1036","1991-01-04","9.56"
"1037","1991-01-11","9.6300000000000008"
"1038","1991-01-18","9.75"
"1039","1991-01-25","9.61"
"1040","1991-02-01","9.56"
"1041","1991-02-08","9.36"
"1042","1991-02-15","9.25"
"1043","1991-02-22","9.2899999999999991"
"1044","1991-03-01","9.4"
"1045","1991-03-08","9.49"
"1046","1991-03-15","9.5"
"1047","1991-03-22","9.59"
"1048","1991-03-29","9.52"
"1049","1991-04-05","9.49"
"1050","1991-04-12","9.48"
"1051","1991-04-19","9.4700000000000006"
"1052","1991-04-26","9.5299999999999994"
"1053","1991-05-03","9.4700000000000006"
"1054","1991-05-10","9.4700000000000006"
"1055","1991-05-17","9.5"
"1056","1991-05-24","9.4700000000000006"
"1057","1991-05-31","9.4499999999999993"
"1058","1991-06-07","9.48"
"1059","1991-06-14","9.66"
"1060","1991-06-21","9.65"
"1061","1991-06-28","9.67"
"1062","1991-07-05","9.6199999999999992"
"1063","1991-07-12","9.64"
"1064","1991-07-19","9.5399999999999991"
"1065","1991-07-26","9.5"
"1066","1991-08-02","9.44"
"1067","1991-08-09","9.27"
"1068","1991-08-16","9.19"
"1069","1991-08-23","9.17"
"1070","1991-08-30","9.15"
"1071","1991-09-06","9.14"
"1072","1991-09-13","9.02"
"1073","1991-09-20","8.9499999999999993"
"1074","1991-09-27","8.92"
"1075","1991-10-04","8.8699999999999992"
"1076","1991-10-11","8.82"
"1077","1991-10-18","8.82"
"1078","1991-10-25","8.91"
"1079","1991-11-01","8.7799999999999994"
"1080","1991-11-08","8.76"
"1081","1991-11-15","8.69"
"1082","1991-11-22","8.6300000000000008"
"1083","1991-11-29","8.6999999999999993"
"1084","1991-12-06","8.6199999999999992"
"1085","1991-12-13","8.5299999999999994"
"1086","1991-12-20","8.49"
"1087","1991-12-27","8.35"
"1088","1992-01-03","8.24"
"1089","1992-01-10","8.23"
"1090","1992-01-17","8.4499999999999993"
"1091","1992-01-24","8.56"
"1092","1992-01-31","8.68"
"1093","1992-02-07","8.67"
"1094","1992-02-14","8.73"
"1095","1992-02-21","8.82"
"1096","1992-02-28","8.83"
"1097","1992-03-06","8.85"
"1098","1992-03-13","8.8800000000000008"
"1099","1992-03-20","9.0299999999999994"
"1100","1992-03-27","8.98"
"1101","1992-04-03","8.9600000000000009"
"1102","1992-04-10","8.84"
"1103","1992-04-17","8.76"
"1104","1992-04-24","8.85"
"1105","1992-05-01","8.84"
"1106","1992-05-08","8.75"
"1107","1992-05-15","8.64"
"1108","1992-05-22","8.5299999999999994"
"1109","1992-05-29","8.6"
"1110","1992-06-05","8.59"
"1111","1992-06-12","8.5399999999999991"
"1112","1992-06-19","8.48"
"1113","1992-06-26","8.43"
"1114","1992-07-03","8.2899999999999991"
"1115","1992-07-10","8.1300000000000008"
"1116","1992-07-17","8.09"
"1117","1992-07-24","8.08"
"1118","1992-07-31","8.0500000000000007"
"1119","1992-08-07","8.06"
"1120","1992-08-14","7.96"
"1121","1992-08-21","7.87"
"1122","1992-08-28","8.01"
"1123","1992-09-04","7.94"
"1124","1992-09-11","7.84"
"1125","1992-09-18","7.89"
"1126","1992-09-24","8.02"
"1127","1992-10-02","7.93"
"1128","1992-10-09","8.01"
"1129","1992-10-16","8.06"
"1130","1992-10-23","8.23"
"1131","1992-10-30","8.2100000000000009"
"1132","1992-11-06","8.2899999999999991"
"1133","1992-11-13","8.32"
"1134","1992-11-20","8.32"
"1135","1992-11-27","8.2899999999999991"
"1136","1992-12-04","8.34"
"1137","1992-12-11","8.23"
"1138","1992-12-18","8.19"
"1139","1992-12-25","8.1300000000000008"
"1140","1992-12-31","8.14"
"1141","1993-01-08","8.07"
"1142","1993-01-15","8.0399999999999991"
"1143","1993-01-22","8"
"1144","1993-01-29","7.86"
"1145","1993-02-05","7.8"
"1146","1993-02-12","7.75"
"1147","1993-02-19","7.65"
"1148","1993-02-26","7.53"
"1149","1993-03-05","7.44"
"1150","1993-03-12","7.47"
"1151","1993-03-19","7.57"
"1152","1993-03-26","7.5"
"1153","1993-04-02","7.53"
"1154","1993-04-09","7.57"
"1155","1993-04-16","7.45"
"1156","1993-04-23","7.38"
"1157","1993-04-30","7.43"
"1158","1993-05-07","7.42"
"1159","1993-05-14","7.42"
"1160","1993-05-21","7.52"
"1161","1993-05-28","7.5"
"1162","1993-06-04","7.47"
"1163","1993-06-11","7.48"
"1164","1993-06-18","7.38"
"1165","1993-06-25","7.34"
"1166","1993-07-02","7.23"
"1167","1993-07-09","7.19"
"1168","1993-07-16","7.16"
"1169","1993-07-23","7.2"
"1170","1993-07-30","7.25"
"1171","1993-08-06","7.21"
"1172","1993-08-13","7.17"
"1173","1993-08-20","7.1"
"1174","1993-08-27","6.97"
"1175","1993-09-03","6.93"
"1176","1993-09-10","6.82"
"1177","1993-09-17","6.96"
"1178","1993-09-24","6.95"
"1179","1993-10-01","6.89"
"1180","1993-10-08","6.87"
"1181","1993-10-15","6.81"
"1182","1993-10-22","6.74"
"1183","1993-10-29","6.86"
"1184","1993-11-05","7.11"
"1185","1993-11-12","7.12"
"1186","1993-11-19","7.08"
"1187","1993-11-26","7.31"
"1188","1993-12-04","7.25"
"1189","1993-12-10","7.14"
"1190","1993-12-17","7.17"
"1191","1993-12-24","7.17"
"1192","1993-12-31","7.13"
"1193","1994-01-07","7.23"
"1194","1994-01-14","6.99"
"1195","1994-01-21","7.05"
"1196","1994-01-28","6.97"
"1197","1994-02-04","6.97"
"1198","1994-02-11","7.21"
"1199","1994-02-18","7.11"
"1200","1994-02-25","7.32"
"1201","1994-03-04","7.51"
"1202","1994-03-11","7.63"
"1203","1994-03-18","7.76"
"1204","1994-03-25","7.8"
"1205","1994-04-01","8.0399999999999991"
"1206","1994-04-08","8.4700000000000006"
"1207","1994-04-15","8.26"
"1208","1994-04-22","8.49"
"1209","1994-04-29","8.32"
"1210","1994-05-06","8.5299999999999994"
"1211","1994-05-13","8.77"
"1212","1994-05-20","8.56"
"1213","1994-05-27","8.5299999999999994"
"1214","1994-06-03","8.5500000000000007"
"1215","1994-06-10","8.25"
"1216","1994-06-17","8.33"
"1217","1994-06-24","8.4600000000000009"
"1218","1994-07-01","8.57"
"1219","1994-07-08","8.68"
"1220","1994-07-15","8.7200000000000006"
"1221","1994-07-22","8.5299999999999994"
"1222","1994-07-29","8.57"
"1223","1994-08-05","8.3800000000000008"
"1224","1994-08-12","8.57"
"1225","1994-08-19","8.5399999999999991"
"1226","1994-08-26","8.56"
"1227","1994-09-02","8.48"
"1228","1994-09-09","8.51"
"1229","1994-09-16","8.66"
"1230","1994-09-23","8.73"
"1231","1994-09-30","8.82"
"1232","1994-10-07","8.89"
"1233","1994-10-14","8.93"
"1234","1994-10-21","8.85"
"1235","1994-10-28","9.0299999999999994"
"1236","1994-11-04","9.0500000000000007"
"1237","1994-11-11","9.19"
"1238","1994-11-18","9.19"
"1239","1994-11-25","9.25"
"1240","1994-12-02","9.23"
"1241","1994-12-09","9.15"
"1242","1994-12-16","9.25"
"1243","1994-12-23","9.18"
"1244","1994-12-30","9.18"
"1245","1995-01-06","9.2200000000000006"
"1246","1995-01-13","9.19"
"1247","1995-01-20","9.0500000000000007"
"1248","1995-01-27","9.1300000000000008"
"1249","1995-02-03","8.94"
"1250","1995-02-10","8.8000000000000007"
"1251","1995-02-17","8.84"
"1252","1995-02-24","8.73"
"1253","1995-03-03","8.5299999999999994"
"1254","1995-03-10","8.6199999999999992"
"1255","1995-03-17","8.3800000000000008"
"1256","1995-03-24","8.4"
"1257","1995-03-31","8.3800000000000008"
"1258","1995-04-07","8.41"
"1259","1995-04-14","8.3699999999999992"
"1260","1995-04-21","8.24"
"1261","1995-04-28","8.26"
"1262","1995-05-05","8.27"
"1263","1995-05-12","7.87"
"1264","1995-05-19","7.83"
"1265","1995-05-26","7.85"
"1266","1995-06-02","7.71"
"1267","1995-06-09","7.51"
"1268","1995-06-16","7.55"
"1269","1995-06-23","7.53"
"1270","1995-06-30","7.53"
"1271","1995-07-07","7.63"
"1272","1995-07-14","7.41"
"1273","1995-07-21","7.6"
"1274","1995-07-28","7.79"
"1275","1995-08-04","7.82"
"1276","1995-08-11","7.8"
"1277","1995-08-18","7.94"
"1278","1995-08-25","7.88"
"1279","1995-09-01","7.76"
"1280","1995-09-08","7.63"
"1281","1995-09-15","7.6"
"1282","1995-09-22","7.57"
"1283","1995-09-29","7.62"
"1284","1995-10-06","7.57"
"1285","1995-10-13","7.5"
"1286","1995-10-20","7.38"
"1287","1995-10-27","7.45"
"1288","1995-11-03","7.44"
"1289","1995-11-09","7.37"
"1290","1995-11-17","7.35"
"1291","1995-11-24","7.35"
"1292","1995-12-01","7.33"
"1293","1995-12-08","7.18"
"1294","1995-12-15","7.15"
"1295","1995-12-22","7.23"
"1296","1995-12-29","7.11"
"1297","1996-01-05","7.02"
"1298","1996-01-12","7.08"
"1299","1996-01-19","7.02"
"1300","1996-01-26","7"
"1301","1996-02-02","7.02"
"1302","1996-02-09","7.02"
"1303","1996-02-16","6.94"
"1304","1996-02-23","7.32"
"1305","1996-03-01","7.41"
"1306","1996-03-08","7.38"
"1307","1996-03-15","7.83"
"1308","1996-03-22","7.81"
"1309","1996-03-29","7.69"
"1310","1996-04-05","7.78"
"1311","1996-04-12","8.0500000000000007"
"1312","1996-04-19","7.95"
"1313","1996-04-26","7.92"
"1314","1996-05-03","7.99"
"1315","1996-05-10","8.24"
"1316","1996-05-17","8.08"
"1317","1996-05-24","8.01"
"1318","1996-05-31","8.0299999999999994"
"1319","1996-06-07","8.3000000000000007"
"1320","1996-06-14","8.39"
"1321","1996-06-21","8.3000000000000007"
"1322","1996-06-28","8.2899999999999991"
"1323","1996-07-05","8.14"
"1324","1996-07-12","8.42"
"1325","1996-07-19","8.23"
"1326","1996-07-26","8.19"
"1327","1996-08-02","8.23"
"1328","1996-08-09","7.88"
"1329","1996-08-16","7.88"
"1330","1996-08-23","7.93"
"1331","1996-08-30","8.09"
"1332","1996-09-06","8.34"
"1333","1996-09-13","8.2799999999999994"
"1334","1996-09-20","8.14"
"1335","1996-09-27","8.16"
"1336","1996-10-04","8.06"
"1337","1996-10-11","7.86"
"1338","1996-10-18","7.88"
"1339","1996-10-25","7.86"
"1340","1996-11-01","7.78"
"1341","1996-11-08","7.67"
"1342","1996-11-15","7.59"
"1343","1996-11-22","7.53"
"1344","1996-11-29","7.52"
"1345","1996-12-06","7.44"
"1346","1996-12-13","7.57"
"1347","1996-12-20","7.74"
"1348","1996-12-27","7.64"
"1349","1997-01-03","7.67"
"1350","1997-01-10","7.85"
"1351","1997-01-17","7.87"
"1352","1997-01-24","7.85"
"1353","1997-01-31","7.88"
"1354","1997-02-07","7.74"
"1355","1997-02-14","7.65"
"1356","1997-02-21","7.56"
"1357","1997-02-28","7.65"
"1358","1997-03-07","7.84"
"1359","1997-03-14","7.84"
"1360","1997-03-21","7.94"
"1361","1997-03-28","7.97"
"1362","1997-04-04","8.18"
"1363","1997-04-11","8.15"
"1364","1997-04-18","8.16"
"1365","1997-04-25","8.08"
"1366","1997-05-02","8.01"
"1367","1997-05-09","7.94"
"1368","1997-05-16","7.91"
"1369","1997-05-23","7.92"
"1370","1997-05-30","7.94"
"1371","1997-06-06","7.85"
"1372","1997-06-13","7.72"
"1373","1997-06-20","7.61"
"1374","1997-06-27","7.58"
"1375","1997-07-04","7.62"
"1376","1997-07-11","7.47"
"1377","1997-07-18","7.47"
"1378","1997-07-25","7.43"
"1379","1997-08-01","7.36"
"1380","1997-08-08","7.46"
"1381","1997-08-15","7.54"
"1382","1997-08-22","7.46"
"1383","1997-08-29","7.58"
"1384","1997-09-05","7.53"
"1385","1997-09-12","7.53"
"1386","1997-09-19","7.38"
"1387","1997-09-26","7.28"
"1388","1997-10-03","7.31"
"1389","1997-10-10","7.26"
"1390","1997-10-17","7.34"
"1391","1997-10-24","7.35"
"1392","1997-10-31","7.21"
"1393","1997-11-07","7.24"
"1394","1997-11-14","7.23"
"1395","1997-11-21","7.18"
"1396","1997-11-28","7.17"
"1397","1997-12-05","7.15"
"1398","1997-12-12","7.17"
"1399","1997-12-19","7.07"
"1400","1997-12-26","6.99"
"1401","1998-01-02","7.03"
"1402","1998-01-09","6.94"
"1403","1998-01-16","6.89"
"1404","1998-01-23","6.99"
"1405","1998-01-30","7.12"
"1406","1998-02-06","7.03"
"1407","1998-02-13","7.06"
"1408","1998-02-20","6.99"
"1409","1998-02-28","7.09"
"1410","1998-03-06","7.19"
"1411","1998-03-13","7.16"
"1412","1998-03-20","7.08"
"1413","1998-03-27","7.08"
"1414","1998-04-03","7.15"
"1415","1998-04-10","7.09"
"1416","1998-04-17","7.17"
"1417","1998-04-24","7.15"
"1418","1998-05-01","7.22"
"1419","1998-05-08","7.14"
"1420","1998-05-15","7.19"
"1421","1998-05-22","7.1"
"1422","1998-05-29","7.07"
"1423","1998-06-05","7.05"
"1424","1998-06-12","7.04"
"1425","1998-06-19","6.94"
"1426","1998-06-26","6.96"
"1427","1998-07-03","6.98"
"1428","1998-07-10","6.91"
"1429","1998-07-17","6.94"
"1430","1998-07-24","6.96"
"1431","1998-07-31","6.97"
"1432","1998-08-07","6.94"
"1433","1998-08-14","6.91"
"1434","1998-08-21","6.92"
"1435","1998-08-28","6.92"
"1436","1998-09-04","6.82"
"1437","1998-09-11","6.77"
"1438","1998-09-18","6.66"
"1439","1998-09-25","6.64"
"1440","1998-10-02","6.6"
"1441","1998-10-09","6.49"
"1442","1998-10-16","6.9"
"1443","1998-10-23","6.73"
"1444","1998-10-30","6.83"
"1445","1998-11-06","6.89"
"1446","1998-11-13","6.93"
"1447","1998-11-20","6.86"
"1448","1998-11-27","6.78"
"1449","1998-12-04","6.71"
"1450","1998-12-11","6.69"
"1451","1998-12-18","6.69"
"1452","1998-12-25","6.77"
"1453","1998-12-31","6.83"
"1454","1999-01-08","6.79"
"1455","1999-01-15","6.83"
"1456","1999-01-22","6.78"
"1457","1999-01-29","6.74"
"1458","1999-02-05","6.75"
"1459","1999-02-12","6.77"
"1460","1999-02-19","6.82"
"1461","1999-02-26","6.89"
"1462","1999-03-05","7.06"
"1463","1999-03-12","7.11"
"1464","1999-03-19","7.01"
"1465","1999-03-26","6.98"
"1466","1999-04-02","6.98"
"1467","1999-04-09","6.92"
"1468","1999-04-16","6.87"
"1469","1999-04-23","6.88"
"1470","1999-04-30","6.93"
"1471","1999-05-07","7.02"
"1472","1999-05-14","7.1"
"1473","1999-05-21","7.23"
"1474","1999-05-28","7.23"
"1475","1999-06-04","7.41"
"1476","1999-06-11","7.51"
"1477","1999-06-18","7.65"
"1478","1999-06-25","7.63"
"1479","1999-07-02","7.71"
"1480","1999-07-09","7.65"
"1481","1999-07-16","7.58"
"1482","1999-07-23","7.52"
"1483","1999-07-30","7.7"
"1484","1999-08-06","7.89"
"1485","1999-08-13","8.15"
"1486","1999-08-20","7.93"
"1487","1999-08-27","7.8"
"1488","1999-09-03","7.83"
"1489","1999-09-10","7.88"
"1490","1999-09-17","7.82"
"1491","1999-09-24","7.76"
"1492","1999-10-01","7.7"
"1493","1999-10-08","7.82"
"1494","1999-10-15","7.85"
"1495","1999-10-22","7.93"
"1496","1999-10-29","7.96"
"1497","1999-11-05","7.84"
"1498","1999-11-12","7.67"
"1499","1999-11-19","7.69"
"1500","1999-11-26","7.75"
"1501","1999-12-03","7.84"
"1502","1999-12-10","7.84"
"1503","1999-12-17","7.86"
"1504","1999-12-24","7.96"
"1505","1999-12-31","8.06"
"1506","2000-01-07","8.15"
"1507","2000-01-14","8.18"
"1508","2000-01-21","8.26"
"1509","2000-01-28","8.25"
"1510","2000-02-04","8.25"
"1511","2000-02-11","8.36"
"1512","2000-02-18","8.3800000000000008"
"1513","2000-02-25","8.31"
"1514","2000-03-03","8.27"
"1515","2000-03-10","8.23"
"1516","2000-03-17","8.24"
"1517","2000-03-24","8.23"
"1518","2000-03-31","8.23"
"1519","2000-04-07","8.1999999999999993"
"1520","2000-04-14","8.1199999999999992"
"1521","2000-04-21","8.16"
"1522","2000-04-28","8.1300000000000008"
"1523","2000-05-05","8.2799999999999994"
"1524","2000-05-12","8.52"
"1525","2000-05-19","8.64"
"1526","2000-05-26","8.6199999999999992"
"1527","2000-06-02","8.5399999999999991"
"1528","2000-06-09","8.32"
"1529","2000-06-16","8.2200000000000006"
"1530","2000-06-23","8.14"
"1531","2000-06-30","8.2200000000000006"
"1532","2000-07-07","8.16"
"1533","2000-07-14","8.09"
"1534","2000-07-21","8.2100000000000009"
"1535","2000-07-28","8.1300000000000008"
"1536","2000-08-04","8.1199999999999992"
"1537","2000-08-11","8.0399999999999991"
"1538","2000-08-18","7.96"
"1539","2000-08-25","7.99"
"1540","2000-09-01","7.96"
"1541","2000-09-08","7.94"
"1542","2000-09-15","7.88"
"1543","2000-09-22","7.9"
"1544","2000-09-29","7.88"
"1545","2000-10-06","7.83"
"1546","2000-10-13","7.84"
"1547","2000-10-20","7.83"
"1548","2000-10-27","7.68"
"1549","2000-11-03","7.73"
"1550","2000-11-10","7.79"
"1551","2000-11-17","7.73"
"1552","2000-11-24","7.73"
"1553","2000-12-01","7.65"
"1554","2000-12-08","7.54"
"1555","2000-12-15","7.42"
"1556","2000-12-22","7.17"
"1557","2000-12-29","7.13"
"1558","2001-01-05","7.07"
"1559","2001-01-12","6.89"
"1560","2001-01-19","7.02"
"1561","2001-01-26","7.15"
"1562","2001-02-02","7.09"
"1563","2001-02-09","6.98"
"1564","2001-02-16","7.01"
"1565","2001-02-23","7.12"
"1566","2001-03-02","7.03"
"1567","2001-03-09","6.97"
"1568","2001-03-16","6.96"
"1569","2001-03-23","6.89"
"1570","2001-03-30","6.91"
"1571","2001-04-06","7.01"
"1572","2001-04-13","7.04"
"1573","2001-04-20","7.14"
"1574","2001-04-27","7.12"
"1575","2001-05-04","7.14"
"1576","2001-05-11","7.1"
"1577","2001-05-18","7.14"
"1578","2001-05-25","7.2"
"1579","2001-06-01","7.24"
"1580","2001-06-08","7.2"
"1581","2001-06-15","7.14"
"1582","2001-06-22","7.11"
"1583","2001-06-29","7.11"
"1584","2001-07-06","7.19"
"1585","2001-07-13","7.21"
"1586","2001-07-20","7.08"
"1587","2001-07-27","7.03"
"1588","2001-08-03","7"
"1589","2001-08-10","7"
"1590","2001-08-17","6.92"
"1591","2001-08-24","6.91"
"1592","2001-08-31","6.92"
"1593","2001-09-07","6.89"
"1594","2001-09-14","6.86"
"1595","2001-09-21","6.8"
"1596","2001-09-28","6.72"
"1597","2001-10-05","6.64"
"1598","2001-10-12","6.58"
"1599","2001-10-19","6.61"
"1600","2001-10-26","6.64"
"1601","2001-11-02","6.56"
"1602","2001-11-09","6.45"
"1603","2001-11-16","6.51"
"1604","2001-11-23","6.75"
"1605","2001-11-30","7.02"
"1606","2001-12-07","6.84"
"1607","2001-12-14","7.09"
"1608","2001-12-21","7.17"
"1609","2001-12-28","7.16"
"1610","2002-01-04","7.14"
"1611","2002-01-11","7.06"
"1612","2002-01-18","6.83"
"1613","2002-01-25","6.96"
"1614","2002-02-01","7.02"
"1615","2002-02-08","6.88"
"1616","2002-02-15","6.86"
"1617","2002-02-22","6.81"
"1618","2002-03-01","6.8"
"1619","2002-03-08","6.87"
"1620","2002-03-15","7.08"
"1621","2002-03-22","7.14"
"1622","2002-03-29","7.18"
"1623","2002-04-05","7.13"
"1624","2002-04-12","6.99"
"1625","2002-04-19","6.94"
"1626","2002-04-26","6.88"
"1627","2002-05-03","6.78"
"1628","2002-05-10","6.79"
"1629","2002-05-17","6.89"
"1630","2002-05-24","6.81"
"1631","2002-05-31","6.76"
"1632","2002-06-07","6.71"
"1633","2002-06-14","6.71"
"1634","2002-06-21","6.63"
"1635","2002-06-28","6.55"
"1636","2002-07-05","6.57"
"1637","2002-07-12","6.54"
"1638","2002-07-19","6.49"
"1639","2002-07-26","6.34"
"1640","2002-08-02","6.43"
"1641","2002-08-09","6.31"
"1642","2002-08-16","6.22"
"1643","2002-08-23","6.27"
"1644","2002-08-30","6.22"
"1645","2002-09-06","6.15"
"1646","2002-09-13","6.18"
"1647","2002-09-20","6.05"
"1648","2002-09-27","5.99"
"1649","2002-10-04","6.01"
"1650","2002-10-11","5.98"
"1651","2002-10-18","6.15"
"1652","2002-10-25","6.31"
"1653","2002-11-01","6.13"
"1654","2002-11-08","6.11"
"1655","2002-11-15","5.94"
"1656","2002-11-22","6.03"
"1657","2002-11-29","6.13"
"1658","2002-12-06","6.19"
"1659","2002-12-13","6.04"
"1660","2002-12-20","6.03"
"1661","2002-12-27","5.93"
"1662","2003-01-03","5.85"
"1663","2003-01-10","5.95"
"1664","2003-01-17","5.97"
"1665","2003-01-24","5.91"
"1666","2003-01-31","5.9"
"1667","2003-02-07","5.88"
"1668","2003-02-14","5.86"
"1669","2003-02-21","5.84"
"1670","2003-02-28","5.79"
"1671","2003-03-07","5.67"
"1672","2003-03-14","5.61"
"1673","2003-03-21","5.79"
"1674","2003-03-28","5.91"
"1675","2003-04-04","5.79"
"1676","2003-04-11","5.85"
"1677","2003-04-18","5.82"
"1678","2003-04-25","5.79"
"1679","2003-05-02","5.7"
"1680","2003-05-09","5.62"
"1681","2003-05-16","5.45"
"1682","2003-05-23","5.34"
"1683","2003-05-30","5.31"
"1684","2003-06-06","5.26"
"1685","2003-06-13","5.21"
"1686","2003-06-20","5.21"
"1687","2003-06-27","5.24"
"1688","2003-07-04","5.4"
"1689","2003-07-11","5.52"
"1690","2003-07-18","5.67"
"1691","2003-07-25","5.94"
"1692","2003-08-01","6.14"
"1693","2003-08-08","6.34"
"1694","2003-08-15","6.24"
"1695","2003-08-22","6.28"
"1696","2003-08-29","6.32"
"1697","2003-09-05","6.44"
"1698","2003-09-12","6.16"
"1699","2003-09-19","6.01"
"1700","2003-09-26","5.98"
"1701","2003-10-03","5.77"
"1702","2003-10-10","5.95"
"1703","2003-10-17","6.05"
"1704","2003-10-24","6.05"
"1705","2003-10-31","5.94"
"1706","2003-11-07","5.98"
"1707","2003-11-14","6.03"
"1708","2003-11-21","5.83"
"1709","2003-11-28","5.89"
"1710","2003-12-05","6.02"
"1711","2003-12-12","5.88"
"1712","2003-12-19","5.82"
"1713","2003-12-26","5.81"
"1714","2003-12-31","5.85"
"1715","2004-01-08","5.87"
"1716","2004-01-15","5.66"
"1717","2004-01-22","5.64"
"1718","2004-01-29","5.68"
"1719","2004-02-05","5.72"
"1720","2004-02-12","5.66"
"1721","2004-02-19","5.58"
"1722","2004-02-26","5.58"
"1723","2004-03-04","5.59"
"1724","2004-03-11","5.41"
"1725","2004-03-18","5.38"
"1726","2004-03-25","5.4"
"1727","2004-04-01","5.52"
"1728","2004-04-08","5.79"
"1729","2004-04-15","5.89"
"1730","2004-04-22","5.94"
"1731","2004-04-29","6.01"
"1732","2004-05-06","6.12"
"1733","2004-05-13","6.34"
"1734","2004-05-20","6.3"
"1735","2004-05-27","6.32"
"1736","2004-06-03","6.28"
"1737","2004-06-10","6.3"
"1738","2004-06-17","6.32"
"1739","2004-06-24","6.25"
"1740","2004-07-01","6.21"
"1741","2004-07-08","6.01"
"1742","2004-07-15","6"
"1743","2004-07-22","5.98"
"1744","2004-07-29","6.08"
"1745","2004-08-05","5.99"
"1746","2004-08-12","5.85"
"1747","2004-08-19","5.81"
"1748","2004-08-26","5.82"
"1749","2004-09-02","5.77"
"1750","2004-09-09","5.83"
"1751","2004-09-16","5.75"
"1752","2004-09-23","5.7"
"1753","2004-09-30","5.72"
"1754","2004-10-07","5.82"
"1755","2004-10-14","5.74"
"1756","2004-10-21","5.69"
"1757","2004-10-28","5.64"
"1758","2004-11-04","5.7"
"1759","2004-11-11","5.76"
"1760","2004-11-18","5.74"
"1761","2004-11-24","5.72"
"1762","2004-12-02","5.81"
"1763","2004-12-09","5.71"
"1764","2004-12-16","5.68"
"1765","2004-12-22","5.75"
"1766","2004-12-29","5.81"
"1767","2005-01-06","5.77"
"1768","2005-01-13","5.74"
"1769","2005-01-20","5.67"
"1770","2005-01-27","5.66"
"1771","2005-02-03","5.63"
"1772","2005-02-10","5.57"
"1773","2005-02-17","5.62"
"1774","2005-02-24","5.69"
"1775","2005-03-03","5.79"
"1776","2005-03-10","5.85"
"1777","2005-03-17","5.95"
"1778","2005-03-24","6.01"
"1779","2005-03-31","6.04"
"1780","2005-04-07","5.93"
"1781","2005-04-14","5.91"
"1782","2005-04-21","5.8"
"1783","2005-04-28","5.78"
"1784","2005-05-05","5.75"
"1785","2005-05-12","5.77"
"1786","2005-05-19","5.71"
"1787","2005-05-26","5.65"
"1788","2005-06-02","5.62"
"1789","2005-06-09","5.56"
"1790","2005-06-16","5.63"
"1791","2005-06-23","5.57"
"1792","2005-06-30","5.53"
"1793","2005-07-07","5.62"
"1794","2005-07-14","5.66"
"1795","2005-07-21","5.73"
"1796","2005-07-28","5.77"
"1797","2005-08-04","5.82"
"1798","2005-08-11","5.89"
"1799","2005-08-18","5.8"
"1800","2005-08-25","5.77"
"1801","2005-09-01","5.71"
"1802","2005-09-08","5.71"
"1803","2005-09-15","5.74"
"1804","2005-09-22","5.8"
"1805","2005-09-29","5.91"
"1806","2005-10-06","5.98"
"1807","2005-10-13","6.03"
"1808","2005-10-20","6.1"
"1809","2005-10-27","6.15"
"1810","2005-11-03","6.31"
"1811","2005-11-10","6.36"
"1812","2005-11-17","6.37"
"1813","2005-11-23","6.28"
"1814","2005-12-01","6.26"
"1815","2005-12-08","6.32"
"1816","2005-12-15","6.3"
"1817","2005-12-22","6.26"
"1818","2005-12-29","6.22"
"1819","2006-01-05","6.21"
"1820","2006-01-12","6.15"
"1821","2006-01-19","6.1"
"1822","2006-01-26","6.12"
"1823","2006-02-02","6.23"
"1824","2006-02-09","6.24"
"1825","2006-02-16","6.28"
"1826","2006-02-23","6.26"
"1827","2006-03-02","6.24"
"1828","2006-03-09","6.37"
"1829","2006-03-16","6.34"
"1830","2006-03-23","6.32"
"1831","2006-03-30","6.35"
"1832","2006-04-06","6.43"
"1833","2006-04-13","6.49"
"1834","2006-04-20","6.53"
"1835","2006-04-27","6.58"
"1836","2006-05-04","6.59"
"1837","2006-05-11","6.58"
"1838","2006-05-18","6.6"
"1839","2006-05-25","6.62"
"1840","2006-06-01","6.67"
"1841","2006-06-08","6.62"
"1842","2006-06-15","6.63"
"1843","2006-06-22","6.71"
"1844","2006-06-29","6.78"
"1845","2006-07-06","6.79"
"1846","2006-07-13","6.74"
"1847","2006-07-20","6.8"
"1848","2006-07-27","6.72"
"1849","2006-08-03","6.63"
"1850","2006-08-10","6.55"
"1851","2006-08-17","6.52"
"1852","2006-08-24","6.48"
"1853","2006-08-31","6.44"
"1854","2006-09-07","6.47"
"1855","2006-09-14","6.43"
"1856","2006-09-21","6.4"
"1857","2006-09-28","6.31"
"1858","2006-10-05","6.3"
"1859","2006-10-12","6.37"
"1860","2006-10-19","6.36"
"1861","2006-10-26","6.4"
"1862","2006-11-02","6.31"
"1863","2006-11-09","6.33"
"1864","2006-11-16","6.24"
"1865","2006-11-22","6.18"
"1866","2006-11-30","6.14"
"1867","2006-12-07","6.11"
"1868","2006-12-14","6.12"
"1869","2006-12-21","6.13"
"1870","2006-12-28","6.18"
"1871","2007-01-04","6.18"
"1872","2007-01-11","6.21"
"1873","2007-01-18","6.23"
"1874","2007-01-25","6.25"
"1875","2007-02-01","6.34"
"1876","2007-02-08","6.28"
"1877","2007-02-15","6.3"
"1878","2007-02-22","6.22"
"1879","2007-03-01","6.18"
"1880","2007-03-08","6.14"
"1881","2007-03-15","6.14"
"1882","2007-03-22","6.16"
"1883","2007-03-29","6.16"
"1884","2007-04-05","6.17"
"1885","2007-04-12","6.22"
"1886","2007-04-19","6.17"
"1887","2007-04-26","6.16"
"1888","2007-05-03","6.16"
"1889","2007-05-10","6.15"
"1890","2007-05-17","6.21"
"1891","2007-05-24","6.37"
"1892","2007-05-31","6.42"
"1893","2007-06-07","6.53"
"1894","2007-06-14","6.74"
"1895","2007-06-21","6.69"
"1896","2007-06-28","6.67"
"1897","2007-07-05","6.63"
"1898","2007-07-12","6.73"
"1899","2007-07-19","6.73"
"1900","2007-07-26","6.69"
"1901","2007-08-02","6.68"
"1902","2007-08-09","6.59"
"1903","2007-08-16","6.62"
"1904","2007-08-23","6.52"
"1905","2007-08-30","6.45"
"1906","2007-09-06","6.46"
"1907","2007-09-13","6.31"
"1908","2007-09-20","6.34"
"1909","2007-09-27","6.42"
"1910","2007-10-04","6.37"
"1911","2007-10-11","6.4"
"1912","2007-10-18","6.4"
"1913","2007-10-25","6.33"
"1914","2007-11-01","6.26"
"1915","2007-11-08","6.24"
"1916","2007-11-15","6.24"
"1917","2007-11-21","6.2"
"1918","2007-11-29","6.1"
"1919","2007-12-06","5.96"
"1920","2007-12-13","6.11"
"1921","2007-12-20","6.14"
"1922","2007-12-27","6.17"
"1923","2008-01-03","6.07"
"1924","2008-01-10","5.87"
"1925","2008-01-17","5.69"
"1926","2008-01-24","5.48"
"1927","2008-01-31","5.68"
"1928","2008-02-07","5.67"
"1929","2008-02-14","5.72"
"1930","2008-02-21","6.04"
"1931","2008-02-28","6.24"
"1932","2008-03-06","6.03"
"1933","2008-03-13","6.13"
"1934","2008-03-20","5.87"
"1935","2008-03-27","5.85"
"1936","2008-04-03","5.88"
"1937","2008-04-10","5.88"
"1938","2008-04-17","5.88"
"1939","2008-04-24","6.03"
"1940","2008-05-01","6.06"
"1941","2008-05-08","6.05"
"1942","2008-05-15","6.01"
"1943","2008-05-22","5.98"
"1944","2008-05-29","6.08"
"1945","2008-06-05","6.09"
"1946","2008-06-12","6.32"
"1947","2008-06-19","6.42"
"1948","2008-06-26","6.45"
"1949","2008-07-03","6.35"
"1950","2008-07-10","6.37"
"1951","2008-07-17","6.26"
"1952","2008-07-24","6.63"
"1953","2008-07-31","6.52"
"1954","2008-08-07","6.52"
"1955","2008-08-14","6.52"
"1956","2008-08-21","6.47"
"1957","2008-08-28","6.4"
"1958","2008-09-04","6.35"
"1959","2008-09-11","5.93"
"1960","2008-09-18","5.78"
"1961","2008-09-25","6.09"
"1962","2008-10-02","6.1"
"1963","2008-10-09","5.94"
"1964","2008-10-16","6.46"
"1965","2008-10-23","6.04"
"1966","2008-10-30","6.46"
"1967","2008-11-06","6.2"
"1968","2008-11-13","6.14"
"1969","2008-11-20","6.04"
"1970","2008-11-26","5.97"
"1971","2008-12-04","5.53"
"1972","2008-12-11","5.47"
"1973","2008-12-18","5.19"
"1974","2008-12-24","5.14"
"1975","2008-12-31","5.0999999999999996"
"1976","2009-01-08","5.01"
"1977","2009-01-15","4.96"
"1978","2009-01-22","5.12"
"1979","2009-01-29","5.0999999999999996"
"1980","2009-02-05","5.25"
"1981","2009-02-12","5.16"
"1982","2009-02-19","5.04"
"1983","2009-02-26","5.07"
"1984","2009-03-05","5.15"
"1985","2009-03-12","5.03"
"1986","2009-03-19","4.9800000000000004"
"1987","2009-03-26","4.8499999999999996"
"1988","2009-04-02","4.78"
"1989","2009-04-09","4.87"
"1990","2009-04-16","4.82"
"1991","2009-04-23","4.8"
"1992","2009-04-30","4.78"
"1993","2009-05-07","4.84"
"1994","2009-05-14","4.8600000000000003"
"1995","2009-05-21","4.82"
"1996","2009-05-28","4.91"
"1997","2009-06-04","5.29"
"1998","2009-06-11","5.59"
"1999","2009-06-18","5.38"
"2000","2009-06-25","5.42"
"2001","2009-07-02","5.32"
"2002","2009-07-09","5.2"
"2003","2009-07-16","5.14"
"2004","2009-07-23","5.2"
"2005","2009-07-30","5.25"
"2006","2009-08-06","5.22"
"2007","2009-08-13","5.29"
"2008","2009-08-20","5.12"
"2009","2009-08-27","5.14"
"2010","2009-09-03","5.08"
"2011","2009-09-10","5.07"
"2012","2009-09-17","5.04"
"2013","2009-09-24","5.04"
"2014","2009-10-01","4.9400000000000004"
"2015","2009-10-08","4.87"
"2016","2009-10-15","4.92"
"2017","2009-10-22","5"
"2018","2009-10-29","5.03"
"2019","2009-11-05","4.9800000000000004"
"2020","2009-11-12","4.91"
"2021","2009-11-19","4.83"
"2022","2009-11-25","4.78"
"2023","2009-12-03","4.71"
"2024","2009-12-10","4.8099999999999996"
"2025","2009-12-17","4.9400000000000004"
"2026","2009-12-24","5.05"
"2027","2009-12-31","5.14"
"2028","2010-01-07","5.09"
"2029","2010-01-14","5.0599999999999996"
"2030","2010-01-21","4.99"
"2031","2010-01-28","4.9800000000000004"
"2032","2010-02-04","5.01"
"2033","2010-02-11","4.97"
"2034","2010-02-18","4.93"
"2035","2010-02-25","5.05"
"2036","2010-03-04","4.97"
"2037","2010-03-11","4.95"
"2038","2010-03-18","4.96"
"2039","2010-03-25","4.99"
"2040","2010-04-01","5.08"
"2041","2010-04-08","5.21"
"2042","2010-04-15","5.07"
"2043","2010-04-22","5.07"
"2044","2010-04-29","5.0599999999999996"
"2045","2010-05-06","5"
"2046","2010-05-13","4.93"
"2047","2010-05-20","4.84"
"2048","2010-05-27","4.78"
"2049","2010-06-03","4.79"
"2050","2010-06-10","4.72"
"2051","2010-06-17","4.75"
"2052","2010-06-24","4.6900000000000004"
"2053","2010-07-01","4.58"
"2054","2010-07-08","4.57"
"2055","2010-07-15","4.57"
"2056","2010-07-22","4.5599999999999996"
"2057","2010-07-29","4.54"
"2058","2010-08-05","4.49"
"2059","2010-08-12","4.4400000000000004"
"2060","2010-08-19","4.42"
"2061","2010-08-26","4.3600000000000003"
"2062","2010-09-02","4.32"
"2063","2010-09-09","4.3499999999999996"
"2064","2010-09-16","4.37"
"2065","2010-09-23","4.37"
"2066","2010-09-30","4.32"
"2067","2010-10-07","4.2699999999999996"
"2068","2010-10-14","4.1900000000000004"
"2069","2010-10-21","4.21"
"2070","2010-10-28","4.2300000000000004"
"2071","2010-11-04","4.24"
"2072","2010-11-11","4.17"
"2073","2010-11-18","4.3899999999999997"
"2074","2010-11-24","4.4000000000000004"
"2075","2010-12-02","4.46"
"2076","2010-12-09","4.6100000000000003"
"2077","2010-12-16","4.83"
"2078","2010-12-23","4.8099999999999996"
"2079","2010-12-30","4.8600000000000003"
"2080","2011-01-06","4.7699999999999996"
"2081","2011-01-13","4.71"
"2082","2011-01-20","4.74"
"2083","2011-01-27","4.8"
"2084","2011-02-03","4.8099999999999996"
"2085","2011-02-10","5.05"
"2086","2011-02-17","5"
"2087","2011-02-24","4.95"
"2088","2011-03-03","4.87"
"2089","2011-03-10","4.88"
"2090","2011-03-17","4.76"
"2091","2011-03-24","4.8099999999999996"
"2092","2011-03-31","4.8600000000000003"
"2093","2011-04-07","4.87"
"2094","2011-04-14","4.91"
"2095","2011-04-21","4.8"
"2096","2011-04-28","4.78"
"2097","2011-05-05","4.71"
"2098","2011-05-12","4.63"
"2099","2011-05-19","4.6100000000000003"
"2100","2011-05-26","4.5999999999999996"
"2101","2011-06-02","4.55"
"2102","2011-06-09","4.49"
"2103","2011-06-16","4.5"
"2104","2011-06-23","4.5"
"2105","2011-06-30","4.51"
"2106","2011-07-07","4.5999999999999996"
"2107","2011-07-14","4.51"
"2108","2011-07-21","4.5199999999999996"
"2109","2011-07-28","4.55"
"2110","2011-08-04","4.3899999999999997"
"2111","2011-08-11","4.32"
"2112","2011-08-18","4.1500000000000004"
"2113","2011-08-25","4.22"
"2114","2011-09-01","4.22"
"2115","2011-09-08","4.12"
"2116","2011-09-15","4.09"
"2117","2011-09-22","4.09"
"2118","2011-09-29","4.01"
"2119","2011-10-06","3.94"
"2120","2011-10-13","4.12"
"2121","2011-10-20","4.1100000000000003"
"2122","2011-10-27","4.0999999999999996"
"2123","2011-11-03","4"
"2124","2011-11-10","3.99"
"2125","2011-11-17","4"
"2126","2011-11-23","3.98"
"2127","2011-12-01","4"
"2128","2011-12-08","3.99"
"2129","2011-12-15","3.94"
"2130","2011-12-22","3.91"
"2131","2011-12-29","3.95"
"2132","2012-01-05","3.91"
"2133","2012-01-12","3.89"
"2134","2012-01-19","3.88"
"2135","2012-01-26","3.98"
"2136","2012-02-02","3.87"
"2137","2012-02-09","3.87"
"2138","2012-02-16","3.87"
"2139","2012-02-23","3.95"
"2140","2012-03-01","3.9"
"2141","2012-03-08","3.88"
"2142","2012-03-15","3.92"
"2143","2012-03-22","4.08"
"2144","2012-03-29","3.99"
"2145","2012-04-05","3.98"
"2146","2012-04-12","3.88"
"2147","2012-04-19","3.9"
"2148","2012-04-26","3.88"
"2149","2012-05-03","3.84"
"2150","2012-05-10","3.83"
"2151","2012-05-17","3.79"
"2152","2012-05-24","3.78"
"2153","2012-05-31","3.75"
"2154","2012-06-07","3.67"
"2155","2012-06-14","3.71"
"2156","2012-06-21","3.66"
"2157","2012-06-28","3.66"
"2158","2012-07-05","3.62"
"2159","2012-07-12","3.56"
"2160","2012-07-19","3.53"
"2161","2012-07-26","3.49"
"2162","2012-08-02","3.55"
"2163","2012-08-09","3.59"
"2164","2012-08-16","3.62"
"2165","2012-08-23","3.66"
"2166","2012-08-30","3.59"
"2167","2012-09-06","3.55"
"2168","2012-09-13","3.55"
"2169","2012-09-20","3.49"
"2170","2012-09-27","3.4"
"2171","2012-10-04","3.36"
"2172","2012-10-11","3.39"
"2173","2012-10-18","3.37"
"2174","2012-10-25","3.41"
"2175","2012-11-01","3.39"
"2176","2012-11-08","3.4"
"2177","2012-11-15","3.34"
"2178","2012-11-21","3.31"
"2179","2012-11-29","3.32"
"2180","2012-12-06","3.34"
"2181","2012-12-13","3.32"
"2182","2012-12-20","3.37"
"2183","2012-12-27","3.35"
"2184","2013-01-03","3.34"
"2185","2013-01-10","3.4"
"2186","2013-01-17","3.38"
"2187","2013-01-24","3.42"
"2188","2013-01-31","3.53"
"2189","2013-02-07","3.53"
"2190","2013-02-14","3.53"
"2191","2013-02-21","3.56"
"2192","2013-02-28","3.51"
"2193","2013-03-07","3.52"
"2194","2013-03-14","3.63"
"2195","2013-03-21","3.54"
"2196","2013-03-28","3.57"
"2197","2013-04-04","3.54"
"2198","2013-04-11","3.43"
"2199","2013-04-18","3.41"
"2200","2013-04-25","3.4"
"2201","2013-05-02","3.35"
"2202","2013-05-09","3.42"
"2203","2013-05-16","3.51"
"2204","2013-05-23","3.59"
"2205","2013-05-30","3.81"
"2206","2013-06-06","3.91"
"2207","2013-06-13","3.98"
"2208","2013-06-20","3.93"
"2209","2013-06-27","4.46"
"2210","2013-07-03","4.29"
"2211","2013-07-11","4.51"
"2212","2013-07-18","4.37"
"2213","2013-07-25","4.3099999999999996"
"2214","2013-08-01","4.3899999999999997"
"2215","2013-08-08","4.4000000000000004"
"2216","2013-08-15","4.4000000000000004"
"2217","2013-08-22","4.58"
"2218","2013-08-29","4.51"
"2219","2013-09-05","4.57"
"2220","2013-09-12","4.57"
"2221","2013-09-19","4.5"
"2222","2013-09-26","4.32"
"2223","2013-10-03","4.22"
"2224","2013-10-10","4.2300000000000004"
"2225","2013-10-17","4.28"
"2226","2013-10-24","4.13"
"2227","2013-10-31","4.0999999999999996"
"2228","2013-11-07","4.16"
"2229","2013-11-14","4.3499999999999996"
"2230","2013-11-21","4.22"
"2231","2013-11-27","4.29"
"2232","2013-12-05","4.46"
"2233","2013-12-12","4.42"
"2234","2013-12-19","4.47"
"2235","2013-12-26","4.4800000000000004"
"2236","2014-01-02","4.53"
"2237","2014-01-09","4.51"
"2238","2014-01-16","4.41"
"2239","2014-01-23","4.3899999999999997"
"2240","2014-01-30","4.32"
"2241","2014-02-06","4.2300000000000004"
"2242","2014-02-13","4.28"
"2243","2014-02-20","4.33"
"2244","2014-02-27","4.37"
"2245","2014-03-06","4.28"
"2246","2014-03-13","4.37"
"2247","2014-03-20","4.32"
"2248","2014-03-27","4.4000000000000004"
"2249","2014-04-03","4.41"
"2250","2014-04-10","4.34"
"2251","2014-04-17","4.2699999999999996"
"2252","2014-04-24","4.33"
"2253","2014-05-01","4.29"
"2254","2014-05-08","4.21"
"2255","2014-05-15","4.2"
"2256","2014-05-22","4.1399999999999997"
"2257","2014-05-29","4.12"
"2258","2014-06-05","4.1399999999999997"
"2259","2014-06-12","4.2"
"2260","2014-06-19","4.17"
"2261","2014-06-26","4.1399999999999997"
"2262","2014-07-03","4.12"
"2263","2014-07-10","4.1500000000000004"
"2264","2014-07-17","4.13"
"2265","2014-07-24","4.13"
"2266","2014-07-31","4.12"
"2267","2014-08-07","4.1399999999999997"
"2268","2014-08-14","4.12"
"2269","2014-08-21","4.0999999999999996"
"2270","2014-08-28","4.0999999999999996"
"2271","2014-09-04","4.0999999999999996"
"2272","2014-09-11","4.12"
"2273","2014-09-18","4.2300000000000004"
"2274","2014-09-25","4.2"
"2275","2014-10-02","4.1900000000000004"
"2276","2014-10-09","4.12"
"2277","2014-10-16","3.97"
"2278","2014-10-23","3.92"
"2279","2014-10-30","3.98"
"2280","2014-11-06","4.0199999999999996"
"2281","2014-11-13","4.01"
"2282","2014-11-20","3.99"
"2283","2014-11-26","3.97"
"2284","2014-12-04","3.89"
"2285","2014-12-11","3.93"
"2286","2014-12-18","3.8"
"2287","2014-12-24","3.83"
"2288","2014-12-31","3.87"
"2289","2015-01-08","3.73"
"2290","2015-01-15","3.66"
"2291","2015-01-22","3.63"
"2292","2015-01-29","3.66"
"2293","2015-02-05","3.59"
"2294","2015-02-12","3.69"
"2295","2015-02-19","3.76"
"2296","2015-02-26","3.8"
"2297","2015-03-05","3.75"
"2298","2015-03-12","3.86"
"2299","2015-03-19","3.78"
"2300","2015-03-26","3.69"
"2301","2015-04-02","3.7"
"2302","2015-04-09","3.66"
"2303","2015-04-16","3.67"
"2304","2015-04-23","3.65"
"2305","2015-04-30","3.68"
"2306","2015-05-07","3.8"
"2307","2015-05-14","3.85"
"2308","2015-05-21","3.84"
"2309","2015-05-28","3.87"
"2310","2015-06-04","3.87"
"2311","2015-06-11","4.04"
"2312","2015-06-18","4"
"2313","2015-06-25","4.0199999999999996"
"2314","2015-07-02","4.08"
"2315","2015-07-09","4.04"
"2316","2015-07-16","4.09"
"2317","2015-07-23","4.04"
"2318","2015-07-30","3.98"
"2319","2015-08-06","3.91"
"2320","2015-08-13","3.94"
"2321","2015-08-20","3.93"
"2322","2015-08-27","3.84"
"2323","2015-09-03","3.89"
"2324","2015-09-10","3.9"
"2325","2015-09-17","3.91"
"2326","2015-09-24","3.86"
"2327","2015-10-01","3.85"
"2328","2015-10-08","3.76"
"2329","2015-10-15","3.82"
"2330","2015-10-22","3.79"
"2331","2015-10-29","3.76"
"2332","2015-11-05","3.87"
"2333","2015-11-12","3.98"
"2334","2015-11-19","3.97"
"2335","2015-11-25","3.95"
"2336","2015-12-03","3.93"
"2337","2015-12-10","3.95"
"2338","2015-12-17","3.97"
"2339","2015-12-24","3.96"
"2340","2015-12-31","4.01"
"2341","2016-01-07","3.97"
"2342","2016-01-14","3.92"
"2343","2016-01-21","3.81"
"2344","2016-01-28","3.79"
"2345","2016-02-04","3.72"
"2346","2016-02-11","3.65"
"2347","2016-02-18","3.65"
"2348","2016-02-25","3.62"
"2349","2016-03-03","3.64"
"2350","2016-03-10","3.68"
"2351","2016-03-17","3.73"
"2352","2016-03-24","3.71"
"2353","2016-03-31","3.71"
"2354","2016-04-07","3.59"
"2355","2016-04-14","3.58"
"2356","2016-04-21","3.59"
"2357","2016-04-28","3.66"
"2358","2016-05-05","3.61"
"2359","2016-05-12","3.57"
"2360","2016-05-19","3.58"
"2361","2016-05-26","3.64"
"2362","2016-06-02","3.66"
"2363","2016-06-09","3.6"
"2364","2016-06-16","3.54"
"2365","2016-06-23","3.56"
"2366","2016-06-30","3.48"
"2367","2016-07-07","3.41"
"2368","2016-07-14","3.42"
"2369","2016-07-21","3.45"
"2370","2016-07-28","3.48"
"2371","2016-08-04","3.43"
"2372","2016-08-11","3.45"
"2373","2016-08-18","3.43"
"2374","2016-08-25","3.43"
"2375","2016-09-01","3.46"
"2376","2016-09-08","3.44"
"2377","2016-09-15","3.5"
"2378","2016-09-22","3.48"
"2379","2016-09-29","3.42"
"2380","2016-10-06","3.42"
"2381","2016-10-13","3.47"
"2382","2016-10-20","3.52"
"2383","2016-10-27","3.47"
"2384","2016-11-03","3.54"
"2385","2016-11-10","3.57"
"2386","2016-11-17","3.94"
"2387","2016-11-23","4.03"
"2388","2016-12-01","4.08"
"2389","2016-12-08","4.13"
"2390","2016-12-15","4.16"
"2391","2016-12-22","4.3"
"2392","2016-12-29","4.32"
"2393","2017-01-05","4.2"
"2394","2017-01-12","4.12"
"2395","2017-01-19","4.09"
"2396","2017-01-26","4.1900000000000004"
"2397","2017-02-02","4.1900000000000004"
"2398","2017-02-09","4.17"
"2399","2017-02-16","4.1500000000000004"
"2400","2017-02-23","4.16"
"2401","2017-03-02","4.0999999999999996"
"2402","2017-03-09","4.21"
"2403","2017-03-16","4.3"
"2404","2017-03-23","4.2300000000000004"
"2405","2017-03-30","4.1399999999999997"
"2406","2017-04-06","4.0999999999999996"
"2407","2017-04-13","4.08"
"2408","2017-04-20","3.97"
"2409","2017-04-27","4.03"
"2410","2017-05-04","4.0199999999999996"
"2411","2017-05-11","4.05"
"2412","2017-05-18","4.0199999999999996"
"2413","2017-05-25","3.95"
"2414","2017-06-01","3.94"
"2415","2017-06-08","3.89"
"2416","2017-06-15","3.91"
"2417","2017-06-22","3.9"
"2418","2017-06-29","3.88"
"2419","2017-07-06","3.96"
"2420","2017-07-13","4.03"
"2421","2017-07-20","3.96"
"2422","2017-07-27","3.92"
"2423","2017-08-03","3.93"
"2424","2017-08-10","3.9"
"2425","2017-08-17","3.89"
"2426","2017-08-24","3.86"
"2427","2017-08-31","3.82"
"2428","2017-09-07","3.78"
"2429","2017-09-14","3.78"
"2430","2017-09-21","3.83"
"2431","2017-09-28","3.83"
"2432","2017-10-05","3.85"
"2433","2017-10-12","3.91"
"2434","2017-10-19","3.88"
"2435","2017-10-26","3.94"
"2436","2017-11-02","3.94"
"2437","2017-11-09","3.9"
"2438","2017-11-16","3.95"
"2439","2017-11-22","3.92"
"2440","2017-11-30","3.9"
"2441","2017-12-07","3.94"
"2442","2017-12-14","3.93"
"2443","2017-12-21","3.94"
"2444","2017-12-28","3.99"
"2445","2018-01-04","3.95"
"2446","2018-01-11","3.99"
"2447","2018-01-18","4.04"
"2448","2018-01-25","4.1500000000000004"
"2449","2018-02-01","4.22"
"2450","2018-02-08","4.32"
"2451","2018-02-15","4.38"
"2452","2018-02-22","4.4000000000000004"
"2453","2018-03-01","4.43"
"2454","2018-03-08","4.46"
"2455","2018-03-15","4.4400000000000004"
"2456","2018-03-22","4.45"
"2457","2018-03-29","4.4400000000000004"
"2458","2018-04-05","4.4000000000000004"
"2459","2018-04-12","4.42"
"2460","2018-04-19","4.47"
"2461","2018-04-26","4.58"
"2462","2018-05-03","4.55"
"2463","2018-05-10","4.55"
"2464","2018-05-17","4.6100000000000003"
"2465","2018-05-24","4.66"
"2466","2018-05-31","4.5599999999999996"
"2467","2018-06-07","4.54"
"2468","2018-06-14","4.62"
"2469","2018-06-21","4.57"
"2470","2018-06-28","4.55"
"2471","2018-07-05","4.5199999999999996"
"2472","2018-07-12","4.53"
"2473","2018-07-19","4.5199999999999996"
"2474","2018-07-26","4.54"
"2475","2018-08-02","4.5999999999999996"
"2476","2018-08-09","4.59"
"2477","2018-08-16","4.53"
"2478","2018-08-23","4.51"
"2479","2018-08-30","4.5199999999999996"
"2480","2018-09-06","4.54"
"2481","2018-09-13","4.5999999999999996"
"2482","2018-09-20","4.6500000000000004"
"2483","2018-09-27","4.72"
"2484","2018-10-04","4.71"
"2485","2018-10-11","4.9000000000000004"
"2486","2018-10-18","4.8499999999999996"
"2487","2018-10-25","4.8600000000000003"
"2488","2018-11-01","4.83"
"2489","2018-11-08","4.9400000000000004"
"2490","2018-11-15","4.9400000000000004"
"2491","2018-11-21","4.8099999999999996"
"2492","2018-11-29","4.8099999999999996"
"2493","2018-12-06","4.75"
"2494","2018-12-13","4.63"
"2495","2018-12-20","4.62"
"2496","2018-12-27","4.55"
"2497","2019-01-03","4.51"
"2498","2019-01-10","4.45"
"2499","2019-01-17","4.45"
"2500","2019-01-24","4.45"
"2501","2019-01-31","4.46"
"2502","2019-02-07","4.41"
"2503","2019-02-14","4.37"
"2504","2019-02-21","4.3499999999999996"
"2505","2019-02-28","4.3499999999999996"
"2506","2019-03-07","4.41"
"2507","2019-03-14","4.3099999999999996"
"2508","2019-03-21","4.28"
"2509","2019-03-28","4.0599999999999996"
"2510","2019-04-04","4.08"
"2511","2019-04-11","4.12"
"2512","2019-04-18","4.17"
"2513","2019-04-25","4.2"
"2514","2019-05-02","4.1399999999999997"
"2515","2019-05-09","4.0999999999999996"
"2516","2019-05-16","4.07"
"2517","2019-05-23","4.0599999999999996"
"2518","2019-05-30","3.99"
"2519","2019-06-06","3.82"
"2520","2019-06-13","3.82"
"2521","2019-06-20","3.84"
"2522","2019-06-27","3.73"
"2523","2019-07-03","3.75"
"2524","2019-07-11","3.75"
"2525","2019-07-18","3.81"
"2526","2019-07-25","3.75"
"2527","2019-08-01","3.75"
"2528","2019-08-08","3.6"
"2529","2019-08-15","3.6"
"2530","2019-08-22","3.55"
"2531","2019-08-29","3.58"
"2532","2019-09-05","3.49"
"2533","2019-09-12","3.56"
"2534","2019-09-19","3.73"
"2535","2019-09-26","3.64"
"2536","2019-10-03","3.65"
"2537","2019-10-10","3.57"
"2538","2019-10-17","3.69"
"2539","2019-10-24","3.75"
"2540","2019-10-31","3.78"
"2541","2019-11-07","3.69"
"2542","2019-11-14","3.75"
"2543","2019-11-21","3.66"
"2544","2019-11-27","3.68"
"2545","2019-12-05","3.68"
"2546","2019-12-12","3.73"
"2547","2019-12-19","3.73"
"2548","2019-12-26","3.74"
"2549","2020-01-02","3.72"
"2550","2020-01-09","3.64"
"2551","2020-01-16","3.65"
"2552","2020-01-23","3.6"
"2553","2020-01-30","3.51"
"2554","2020-02-06","3.45"
"2555","2020-02-13","3.47"
"2556","2020-02-20","3.49"
"2557","2020-02-27","3.45"
"2558","2020-03-05","3.29"
"2559","2020-03-12","3.36"
"2560","2020-03-19","3.65"
"2561","2020-03-26","3.5"
"2562","2020-04-02","3.33"
"2563","2020-04-09","3.33"
"2564","2020-04-16","3.31"
"2565","2020-04-23","3.33"
"2566","2020-04-30","3.23"
"2567","2020-05-07","3.26"
"2568","2020-05-14","3.28"
"2569","2020-05-21","3.24"
"2570","2020-05-28","3.15"
"2571","2020-06-04","3.18"
"2572","2020-06-11","3.21"
"2573","2020-06-18","3.13"
"2574","2020-06-25","3.13"
"2575","2020-07-02","3.07"
"2576","2020-07-09","3.03"
"2577","2020-07-16","2.98"
"2578","2020-07-23","3.01"
"2579","2020-07-30","2.99"
"2580","2020-08-06","2.88"
"2581","2020-08-13","2.96"
"2582","2020-08-20","2.99"
"2583","2020-08-27","2.91"
"2584","2020-09-03","2.93"
"2585","2020-09-10","2.86"
"2586","2020-09-17","2.87"
"2587","2020-09-24","2.9"
"2588","2020-10-01","2.88"
"2589","2020-10-08","2.87"
"2590","2020-10-15","2.81"
"2591","2020-10-22","2.8"
"2592","2020-10-29","2.81"
"2593","2020-11-05","2.78"
"2594","2020-11-12","2.84"
"2595","2020-11-19","2.72"
"2596","2020-11-25","2.72"
"2597","2020-12-03","2.71"
"2598","2020-12-10","2.71"
"2599","2020-12-17","2.67"
"2600","2020-12-24","2.66"
"2601","2020-12-31","2.67"
"2602","2021-01-07","2.65"
"2603","2021-01-14","2.79"
"2604","2021-01-21","2.77"
"2605","2021-01-28","2.73"
"2606","2021-02-04","2.73"
"2607","2021-02-11","2.73"
"2608","2021-02-18","2.81"
"2609","2021-02-25","2.97"
"2610","2021-03-04","3.02"
"2611","2021-03-11","3.05"
"2612","2021-03-18","3.09"
"2613","2021-03-25","3.17"
"2614","2021-04-01","3.18"
"2615","2021-04-08","3.13"
"2616","2021-04-15","3.04"
"2617","2021-04-22","2.97"
"2618","2021-04-29","2.98"
"2619","2021-05-06","2.96"
"2620","2021-05-13","2.94"
"2621","2021-05-20","3"
"2622","2021-05-27","2.95"
"2623","2021-06-03","2.99"
"2624","2021-06-10","2.96"
"2625","2021-06-17","2.93"
"2626","2021-06-24","3.02"
"2627","2021-07-01","2.98"
"2628","2021-07-08","2.9"
"2629","2021-07-15","2.88"
"2630","2021-07-22","2.78"
"2631","2021-07-29","2.8"
"2632","2021-08-05","2.77"
"2633","2021-08-12","2.87"
"2634","2021-08-19","2.86"
"2635","2021-08-26","2.87"
"2636","2021-09-02","2.87"
"2637","2021-09-09","2.88"
"2638","2021-09-16","2.86"
"2639","2021-09-23","2.88"
"2640","2021-09-30","3.01"
"2641","2021-10-07","2.99"
"2642","2021-10-14","3.05"
"2643","2021-10-21","3.09"
"2644","2021-10-28","3.14"
"2645","2021-11-04","3.09"
"2646","2021-11-10","2.98"
"2647","2021-11-18","3.1"
"2648","2021-11-24","3.1"
"2649","2021-12-02","3.11"
"2650","2021-12-09","3.1"
"2651","2021-12-16","3.12"
"2652","2021-12-23","3.05"
"2653","2021-12-30","3.11"
"2654","2022-01-06","3.22"
"2655","2022-01-13","3.45"
"2656","2022-01-20","3.56"
"2657","2022-01-27","3.55"
"2658","2022-02-03","3.55"
"2659","2022-02-10","3.69"
"2660","2022-02-17","3.92"
"2661","2022-02-24","3.89"
"2662","2022-03-03","3.76"
"2663","2022-03-10","3.85"
"2664","2022-03-17","4.16"
"2665","2022-03-24","4.42"
"2666","2022-03-31","4.67"
"2667","2022-04-07","4.72"
"2668","2022-04-14","5"
"2669","2022-04-21","5.1100000000000003"
"2670","2022-04-28","5.0999999999999996"
"2671","2022-05-05","5.27"
"2672","2022-05-12","5.3"
"2673","2022-05-19","5.25"
"2674","2022-05-26","5.0999999999999996"
"2675","2022-06-02","5.09"
"2676","2022-06-09","5.23"
"2677","2022-06-16","5.78"
"2678","2022-06-23","5.81"
"2679","2022-06-30","5.7"
"2680","2022-07-07","5.3"
"2681","2022-07-14","5.51"
"2682","2022-07-21","5.54"
"2683","2022-07-28","5.3"
"2684","2022-08-04","4.99"
"2685","2022-08-11","5.22"
"2686","2022-08-18","5.13"
"2687","2022-08-25","5.55"
"2688","2022-09-01","5.66"
"2689","2022-09-08","5.89"
"2690","2022-09-15","6.02"
"2691","2022-09-22","6.29"
"2692","2022-09-29","6.7"
"2693","2022-10-06","6.66"
"2694","2022-10-13","6.92"
"2695","2022-10-20","6.94"
"2696","2022-10-27","7.08"
"2697","2022-11-03","6.95"
"2698","2022-11-10","7.08"
"2699","2022-11-17","6.61"
"2700","2022-11-23","6.58"
"2701","2022-12-01","6.49"
"2702","2022-12-08","6.33"
"2703","2022-12-15","6.31"
"2704","2022-12-22","6.27"
"2705","2022-12-29","6.42"
"2706","2023-01-05","6.48"
"2707","2023-01-12","6.33"
"2708","2023-01-19","6.15"
"2709","2023-01-26","6.13"
"2710","2023-02-02","6.09"
"2711","2023-02-09","6.12"
"2712","2023-02-16","6.32"
"2713","2023-02-23","6.5"
"2714","2023-03-02","6.65"
"2715","2023-03-09","6.73"
"2716","2023-03-16","6.6"
"2717","2023-03-23","6.42"
"2718","2023-03-30","6.32"
"2719","2023-04-06","6.28"
"2720","2023-04-13","6.27"
"2721","2023-04-20","6.39"
"2722","2023-04-27","6.43"
"2723","2023-05-04","6.39"
"2724","2023-05-11","6.35"
"2725","2023-05-18","6.39"
"2726","2023-05-25","6.57"
"2727","2023-06-01","6.79"
"2728","2023-06-08","6.71"
"2729","2023-06-15","6.69"
"2730","2023-06-22","6.67"
"2731","2023-06-29","6.71"
"2732","2023-07-06","6.81"
"2733","2023-07-13","6.96"
"2734","2023-07-20","6.78"
"2735","2023-07-27","6.81"
"2736","2023-08-03","6.9"
"2737","2023-08-10","6.96"
"2738","2023-08-17","7.09"
"2739","2023-08-24","7.23"
"2740","2023-08-31","7.18"
"2741","2023-09-07","7.12"
"2742","2023-09-14","7.18"
"2743","2023-09-21","7.19"
"2744","2023-09-28","7.31"
"2745","2023-10-05","7.49"
"2746","2023-10-12","7.57"
"2747","2023-10-19","7.63"
"2748","2023-10-26","7.79"
"2749","2023-11-02","7.76"
"2750","2023-11-09","7.5"
"2751","2023-11-16","7.44"
"2752","2023-11-22","7.29"
"2753","Although Freddie Mac attempts to provide reliable, useful information in this document Freddie Mac does not guarantee that the information is accurate, current or suitable for any particular purpose. Estimates contained in this document are those of Freddie Mac currently and are subject to change without notice. 
Information from this document may be used with proper attribution. Alteration of this document is strictly prohibited. 2022 by Freddie Mac.",NA
