"","Date","CAPE"
"1","1881.01",18.4739523014049
"2","1881.02",18.1472581649902
"3","1881.03",18.270119140205
"4","1881.04",17.9501082782229
"5","1881.05",18.8697186931526
"6","1881.0599999999999",19.0287107311158
"7","1881.0699999999999",18.1163671873897
"8","1881.0799999999999",17.2862435539734
"9","1881.0899999999999",16.7248366487729
"10","1881.0999999999999",16.2619894111814
"11","1881.1099999999999",16.4786423166449
"12","1881.1199999999999",15.9587542061051
"13","1882.01",15.6787641600287
"14","1882.02",15.153861528363
"15","1882.03",15.0916702994867
"16","1882.04",14.9169971683753
"17","1882.05",14.5671032021918
"18","1882.0599999999999",14.3274048901317
"19","1882.0699999999999",15.2405597612178
"20","1882.0799999999999",15.525429331463
"21","1882.0899999999999",16.0811066244623
"22","1882.0999999999999",15.7555810305266
"23","1882.1099999999999",15.1926703131653
"24","1882.1199999999999",15.382128332082
"25","1883.01",15.2702591190986
"26","1883.02",14.7575901461762
"27","1883.03",15.0512541214016
"28","1883.04",15.4820672220367
"29","1883.05",15.3354976373371
"30","1883.0599999999999",15.9033883885838
"31","1883.0699999999999",15.948783127017
"32","1883.0799999999999",15.1968108766298
"33","1883.0899999999999",15.4946924257935
"34","1883.0999999999999",15.0480562702238
"35","1883.1099999999999",15.4082181424489
"36","1883.1199999999999",14.8964039418872
"37","1884.01",14.4328217219707
"38","1884.02",14.8059602288167
"39","1884.03",14.7360234540145
"40","1884.04",14.3534536825795
"41","1884.05",13.4650503138049
"42","1884.0599999999999",12.9068764836669
"43","1884.0699999999999",13.0439315859917
"44","1884.0799999999999",13.8598133417693
"45","1884.0899999999999",13.5691547443357
"46","1884.0999999999999",13.2732513191342
"47","1884.1099999999999",13.3044376021197
"48","1884.1199999999999",13.4322927469448
"49","1885.01",13.129817425636
"50","1885.02",13.384817593598
"51","1885.03",13.7341940934525
"52","1885.04",13.5485485410301
"53","1885.05",13.7113718725619
"54","1885.0599999999999",13.9787843686984
"55","1885.0699999999999",14.3266587770893
"56","1885.0799999999999",15.1304107967072
"57","1885.0899999999999",15.1162850287242
"58","1885.0999999999999",15.991023962169
"59","1885.1099999999999",16.824034498619
"60","1885.1199999999999",16.3044759522785
"61","1886.01",16.6923174707977
"62","1886.02",17.006648259461
"63","1886.03",16.8432661015701
"64","1886.04",16.8017161312463
"65","1886.05",16.8631955150978
"66","1886.0599999999999",17.8314940553769
"67","1886.0699999999999",17.8458450415322
"68","1886.0799999999999",17.7239127996193
"69","1886.0899999999999",18.1471439258
"70","1886.0999999999999",18.5623813428666
"71","1886.1099999999999",18.9683126349428
"72","1886.1199999999999",18.1940575568864
"73","1887.01",17.512222096305
"74","1887.02",17.1253665969723
"75","1887.03",17.4732137115138
"76","1887.04",17.8229836391007
"77","1887.05",18.0754454274583
"78","1887.0599999999999",17.707695663273
"79","1887.0699999999999",17.4314605356131
"80","1887.0799999999999",16.7398496148207
"81","1887.0899999999999",16.6766296673802
"82","1887.0999999999999",15.8806668125173
"83","1887.1099999999999",15.9507122010668
"84","1887.1199999999999",15.45551345447
"85","1888.01",15.3586625142599
"86","1888.02",15.4181783188205
"87","1888.03",14.8089723669466
"88","1888.04",15.0201086818445
"89","1888.05",15.3879169572291
"90","1888.0599999999999",15.0776288184347
"91","1888.0699999999999",15.2796425154982
"92","1888.0799999999999",15.6029116700888
"93","1888.0899999999999",15.9878288217614
"94","1888.0999999999999",15.7159418743297
"95","1888.1099999999999",15.2237490169463
"96","1888.1199999999999",14.9467483010892
"97","1889.01",15.8022860710282
"98","1889.02",16.192720447849
"99","1889.03",16.0650453607693
"100","1889.04",16.0501045339675
"101","1889.05",16.9154210760684
"102","1889.0599999999999",17.2193029439477
"103","1889.0699999999999",16.8892144911075
"104","1889.0799999999999",17.1318539753457
"105","1889.0899999999999",17.3507880263486
"106","1889.0999999999999",17.0532144029555
"107","1889.1099999999999",16.9060211702494
"108","1889.1199999999999",16.6103380766034
"109","1890.01",17.2200719821819
"110","1890.02",17.0268149826714
"111","1890.03",16.9011222885899
"112","1890.04",17.2578545426032
"113","1890.05",17.7864304878586
"114","1890.0599999999999",17.6843608444502
"115","1890.0699999999999",17.5892954408649
"116","1890.0799999999999",16.5967911339791
"117","1890.0899999999999",16.1697020006153
"118","1890.0999999999999",15.4828491633444
"119","1890.1099999999999",14.7450434932928
"120","1890.1199999999999",14.4429912313384
"121","1891.01",15.4289800864691
"122","1891.02",15.4765223324325
"123","1891.03",15.0516233576574
"124","1891.04",15.4089451254741
"125","1891.05",15.5664952307133
"126","1891.0599999999999",15.6582113956382
"127","1891.0699999999999",15.617919238646
"128","1891.0799999999999",16.163998509963
"129","1891.0899999999999",17.7112614132565
"130","1891.0999999999999",17.7165685898264
"131","1891.1099999999999",17.671739174764
"132","1891.1199999999999",18.2063030002099
"133","1892.01",19.0163884042253
"134","1892.02",19.0364250409784
"135","1892.03",19.738054849323
"136","1892.04",19.9432652416387
"137","1892.05",19.9114652134898
"138","1892.0599999999999",19.7692843971367
"139","1892.0699999999999",19.2118864345056
"140","1892.0799999999999",19.2043038031738
"141","1892.0899999999999",18.6942718095882
"142","1892.0999999999999",19.0402149153247
"143","1892.1099999999999",18.4633126908
"144","1892.1199999999999",18.0130092512757
"145","1893.01",17.6566437080988
"146","1893.02",17.1251938548725
"147","1893.03",16.8995890315823
"148","1893.04",17.1025415782549
"149","1893.05",15.7809873107763
"150","1893.0599999999999",15.4165038635977
"151","1893.0699999999999",14.3498541827609
"152","1893.0799999999999",14.5880565358078
"153","1893.0899999999999",15.0120690791388
"154","1893.0999999999999",15.2717941535202
"155","1893.1099999999999",15.9424114005717
"156","1893.1199999999999",15.6126943354649
"157","1894.01",15.7398693519482
"158","1894.02",16.2027365964499
"159","1894.03",17.1876220881219
"160","1894.04",17.4348490780524
"161","1894.05",16.808751920918
"162","1894.0599999999999",16.6063196952925
"163","1894.0699999999999",16.2896797149169
"164","1894.0799999999999",16.4577770729984
"165","1894.0899999999999",16.5223154448772
"166","1894.0999999999999",16.5029042057084
"167","1894.1099999999999",16.5427844474445
"168","1894.1199999999999",16.6724663337677
"169","1895.01",16.5244439351627
"170","1895.02",16.3312376932114
"171","1895.03",16.3646254271748
"172","1895.04",16.3875438236863
"173","1895.05",17.0803695533824
"174","1895.0599999999999",17.2074135397834
"175","1895.0699999999999",17.5460146487405
"176","1895.0799999999999",18.0740725472418
"177","1895.0899999999999",18.2003359466055
"178","1895.0999999999999",17.9447066224665
"179","1895.1099999999999",17.3429989919217
"180","1895.1199999999999",16.548415156668
"181","1896.01",16.5762248285682
"182","1896.02",17.5154033526373
"183","1896.03",17.2323627122986
"184","1896.04",17.64369937813
"185","1896.05",17.8282668942328
"186","1896.0599999999999",17.7775786164305
"187","1896.0699999999999",16.6371001033946
"188","1896.0799999999999",15.7033705462269
"189","1896.0899999999999",16.544339943032
"190","1896.0999999999999",16.4388668047259
"191","1896.1099999999999",17.0894252423711
"192","1896.1199999999999",16.5014041805901
"193","1897.01",17.0265212823806
"194","1897.02",16.8940258832541
"195","1897.03",16.958030716721
"196","1897.04",16.6968574347347
"197","1897.05",17.0477551292294
"198","1897.0599999999999",17.8504972806906
"199","1897.0699999999999",18.6519757558203
"200","1897.0799999999999",19.0063960105194
"201","1897.0899999999999",19.3723702933978
"202","1897.0999999999999",19.0280312239024
"203","1897.1099999999999",18.3584480980502
"204","1897.1199999999999",18.7487576625255
"205","1898.01",19.2490000218138
"206","1898.02",18.9181318880021
"207","1898.03",18.0421749234687
"208","1898.04",17.7050894264118
"209","1898.05",17.5956352745128
"210","1898.0599999999999",19.544817480548
"211","1898.0699999999999",19.8589430141673
"212","1898.0799999999999",20.5449151791533
"213","1898.0899999999999",20.4427328626913
"214","1898.0999999999999",19.9471998257737
"215","1898.1099999999999",20.5274163248113
"216","1898.1199999999999",21.4036319854482
"217","1899.01",22.9328074164872
"218","1899.02",23.0481175499802
"219","1899.03",23.2796822455087
"220","1899.04",23.1524215256865
"221","1899.05",22.0912693608342
"222","1899.0599999999999",21.2120919250468
"223","1899.0699999999999",21.5614256345231
"224","1899.0799999999999",21.7262373730555
"225","1899.0899999999999",20.5911405141138
"226","1899.0999999999999",20.1537134606866
"227","1899.1099999999999",20.1964575208023
"228","1899.1199999999999",18.5126496436002
"229","1900.01",18.6742753624448
"230","1900.02",18.7037974172514
"231","1900.03",18.7757934212384
"232","1900.04",18.9364020333227
"233","1900.05",18.4031970169504
"234","1900.0599999999999",17.992711584304
"235","1900.0699999999999",17.6895454689528
"236","1900.0799999999999",18.0696146667842
"237","1900.0899999999999",17.3418741512247
"238","1900.0999999999999",18.1023987845561
"239","1900.1099999999999",19.4195846037608
"240","1900.1199999999999",20.7440511608708
"241","1901.01",20.9785818345362
"242","1901.02",21.6791498482062
"243","1901.03",22.3475839506838
"244","1901.04",24.4097169948272
"245","1901.05",23.0640126848636
"246","1901.0599999999999",25.2384662059603
"247","1901.0699999999999",23.1448485537081
"248","1901.0799999999999",23.0771777138444
"249","1901.0899999999999",22.5904683168602
"250","1901.0999999999999",22.2529016184089
"251","1901.1099999999999",22.3750747776528
"252","1901.1199999999999",21.6802151410297
"253","1902.01",22.3402907960336
"254","1902.02",22.4599574524604
"255","1902.03",22.4106522882173
"256","1902.04",22.8231086984979
"257","1902.05",22.4279544933298
"258","1902.0599999999999",21.9637422955146
"259","1902.0699999999999",22.3856865894014
"260","1902.0799999999999",23.1686718340929
"261","1902.0899999999999",22.8565663819545
"262","1902.0999999999999",20.6044254018598
"263","1902.1099999999999",20.4085412550722
"264","1902.1199999999999",19.6332321268238
"265","1903.01",20.3181320538285
"266","1903.02",20.1070515175528
"267","1903.03",19.8845603848728
"268","1903.04",18.9800226018263
"269","1903.05",18.9548587230399
"270","1903.0599999999999",17.8185517229685
"271","1903.0699999999999",16.9181784147667
"272","1903.0799999999999",16.2991187909035
"273","1903.0899999999999",15.6543591151969
"274","1903.0999999999999",15.2529438257788
"275","1903.1099999999999",15.4078775342979
"276","1903.1199999999999",16.0428941400501
"277","1904.01",15.8618339140336
"278","1904.02",15.0214983803314
"279","1904.03",15.0819301762589
"280","1904.04",15.5654906116915
"281","1904.05",15.5258208962546
"282","1904.0599999999999",15.4744336386527
"283","1904.0699999999999",16.0364016296241
"284","1904.0799999999999",16.304651978851
"285","1904.0899999999999",16.7426000491637
"286","1904.0999999999999",17.6331973708214
"287","1904.1099999999999",18.0762002237701
"288","1904.1199999999999",18.1596791187032
"289","1905.01",18.4598520324559
"290","1905.02",19.1689963758298
"291","1905.03",19.8315060742184
"292","1905.04",19.4829275247113
"293","1905.05",18.6294875098451
"294","1905.0599999999999",18.7358623861835
"295","1905.0699999999999",19.2058833095481
"296","1905.0799999999999",19.5733084308037
"297","1905.0899999999999",19.7434924196978
"298","1905.0999999999999",19.8973948143295
"299","1905.1099999999999",19.443525693265
"300","1905.1199999999999",19.5779608090961
"301","1906.01",20.1324022608079
"302","1906.02",19.8667525636759
"303","1906.03",19.2594530208541
"304","1906.04",18.8762049961159
"305","1906.05",18.0540444609264
"306","1906.0599999999999",18.1726663764975
"307","1906.0699999999999",18.1952001435137
"308","1906.0799999999999",18.9672514775493
"309","1906.0899999999999",19.2009936820014
"310","1906.0999999999999",18.0953809088691
"311","1906.1099999999999",18.141851654008
"312","1906.1199999999999",17.6600036677687
"313","1907.01",17.218913853706
"314","1907.02",16.2170712887661
"315","1907.03",14.6875452559786
"316","1907.04",14.6697099056027
"317","1907.05",13.7901071534242
"318","1907.0599999999999",13.1442699526732
"319","1907.0699999999999",13.5850073579618
"320","1907.0799999999999",12.5134716044466
"321","1907.0899999999999",12.3285696577366
"322","1907.0999999999999",10.8318401530506
"323","1907.1099999999999",10.5911775591898
"324","1907.1199999999999",11.3333062358112
"325","1908.01",11.902968628267
"326","1908.02",11.5548462951448
"327","1908.03",11.9846626644643
"328","1908.04",12.4488891583704
"329","1908.05",13.0784513554383
"330","1908.0599999999999",13.05168412923
"331","1908.0699999999999",13.3454871048344
"332","1908.0799999999999",13.8842328952086
"333","1908.0899999999999",13.7014422688251
"334","1908.0999999999999",13.6908103591787
"335","1908.1099999999999",14.4350140912563
"336","1908.1199999999999",14.5824829089624
"337","1909.01",14.7644184564414
"338","1909.02",14.1671575167014
"339","1909.03",14.3360583805862
"340","1909.04",14.6451986030861
"341","1909.05",14.9535097865828
"342","1909.0599999999999",15.040444676081
"343","1909.0699999999999",15.2315032404977
"344","1909.0799999999999",15.4175807062548
"345","1909.0899999999999",15.2544464368212
"346","1909.0999999999999",14.9888452961218
"347","1909.1099999999999",14.7456311768246
"348","1909.1199999999999",14.750638489265
"349","1910.01",14.5478850405641
"350","1910.02",14.0020379030327
"351","1910.03",14.0500069650778
"352","1910.04",13.5598836208201
"353","1910.05",13.5687922872515
"354","1910.0599999999999",13.0196573023159
"355","1910.0699999999999",12.3425812599852
"356","1910.0799999999999",12.7450551508863
"357","1910.0899999999999",12.9371611010708
"358","1910.0999999999999",13.9188666564458
"359","1910.1099999999999",14.1645231757804
"360","1910.1199999999999",13.7414784177816
"361","1911.01",14.0492151814012
"362","1911.02",14.7214884699283
"363","1911.03",14.3706232219795
"364","1911.04",14.7529354203294
"365","1911.05",15.047660591685
"366","1911.0599999999999",15.3283556847193
"367","1911.0699999999999",15.0831105787003
"368","1911.0799999999999",13.8997906656544
"369","1911.0899999999999",12.9979539832524
"370","1911.0999999999999",13.0664728506192
"371","1911.1099999999999",13.7279975864131
"372","1911.1199999999999",13.9292584195782
"373","1912.01",13.7949526318458
"374","1912.02",13.5316343696866
"375","1912.03",13.6397691739442
"376","1912.04",13.6543926905532
"377","1912.05",13.6455006856124
"378","1912.0599999999999",13.7854174045025
"379","1912.0699999999999",13.8028766450158
"380","1912.0799999999999",13.9847617634263
"381","1912.0899999999999",13.9262850013159
"382","1912.0999999999999",13.9050927011785
"383","1912.1099999999999",13.7495410186065
"384","1912.1199999999999",13.3889994525796
"385","1913.01",13.1480887917616
"386","1913.02",12.6829605162368
"387","1913.03",12.4434535151837
"388","1913.04",12.4330670817952
"389","1913.05",12.2214010611541
"390","1913.0599999999999",11.4919628527612
"391","1913.0699999999999",11.5340227954599
"392","1913.0799999999999",11.8468405435646
"393","1913.0899999999999",11.843316826626
"394","1913.0999999999999",11.4714902403123
"395","1913.1099999999999",11.072537845038
"396","1913.1199999999999",11.1740408700368
"397","1914.01",11.6360921050461
"398","1914.02",11.9102338797982
"399","1914.03",11.6855260188368
"400","1914.04",11.5226625362002
"401","1914.05",11.4790086941645
"402","1914.0599999999999",11.4287151688319
"403","1914.0699999999999",10.6943451830401
"404","1914.0799999999999",10.4920462650764
"405","1914.0899999999999",10.5004973018021
"406","1914.0999999999999",10.6127594661262
"407","1914.1099999999999",10.5169176429921
"408","1914.1199999999999",10.1722179919979
"409","1915.01",10.3598341977573
"410","1915.02",10.3297862096607
"411","1915.03",10.7070131886828
"412","1915.04",11.4011237890002
"413","1915.05",11.0269298764713
"414","1915.0599999999999",11.1542621890963
"415","1915.0699999999999",11.1136293939496
"416","1915.0799999999999",11.5848316416046
"417","1915.0899999999999",12.0115707578259
"418","1915.0999999999999",12.5490761332201
"419","1915.1099999999999",12.8577144535593
"420","1915.1199999999999",12.878444602186
"421","1916.01",12.5435636925162
"422","1916.02",12.3546523264588
"423","1916.03",12.1770527957485
"424","1916.04",11.9064817765932
"425","1916.05",12.0262566719052
"426","1916.0599999999999",11.9959612229466
"427","1916.0699999999999",11.7911652752545
"428","1916.0799999999999",11.7320826388742
"429","1916.0899999999999",11.9445524175045
"430","1916.0999999999999",12.0457417633708
"431","1916.1099999999999",12.0532304032305
"432","1916.1199999999999",11.4135591888495
"433","1917.01",10.9923614273834
"434","1917.02",10.0631877387357
"435","1917.03",10.3271570801079
"436","1917.04",9.64453119728123
"437","1917.05",9.13898881337358
"438","1917.0599999999999",9.14822025953958
"439","1917.0699999999999",9.00347237722881
"440","1917.0799999999999",8.57268046675378
"441","1917.0899999999999",7.95082326421707
"442","1917.0999999999999",7.38713371110815
"443","1917.1099999999999",6.75301360477431
"444","1917.1199999999999",6.41259389811982
"445","1918.01",6.64064602865535
"446","1918.02",6.78434355163028
"447","1918.03",6.68635576045589
"448","1918.04",6.52072773054716
"449","1918.05",6.58236323162108
"450","1918.0599999999999",6.49629131864106
"451","1918.0699999999999",6.37132409384899
"452","1918.0799999999999",6.30307376091459
"453","1918.0899999999999",6.14917056243168
"454","1918.0999999999999",6.29051532119132
"455","1918.1099999999999",6.33332749535416
"456","1918.1199999999999",6.13458041128343
"457","1919.01",6.09846763995011
"458","1919.02",6.23969277136498
"459","1919.03",6.35607400486915
"460","1919.04",6.45613955581928
"461","1919.05",6.82900226148203
"462","1919.0599999999999",7.02161521478413
"463","1919.0699999999999",7.05283716544631
"464","1919.0799999999999",6.47913110170528
"465","1919.0899999999999",6.55848167206126
"466","1919.0999999999999",6.7947041999493
"467","1919.1099999999999",6.46702257413313
"468","1919.1199999999999",6.16071703379918
"469","1920.01",5.98966777113944
"470","1920.02",5.45534764990777
"471","1920.03",5.79882272755716
"472","1920.04",5.59985872550619
"473","1920.05",5.18895046204749
"474","1920.0599999999999",5.04363968045162
"475","1920.0699999999999",5.08059291954079
"476","1920.0799999999999",5.02070107792286
"477","1920.0899999999999",5.29716277010806
"478","1920.0999999999999",5.35117739342416
"479","1920.1099999999999",5.12640793094793
"480","1920.1199999999999",4.78424104508325
"481","1921.01",5.12218414688737
"482","1921.02",5.27485719120505
"483","1921.03",5.19234815868418
"484","1921.04",5.29708592273967
"485","1921.05",5.60946922533078
"486","1921.0599999999999",5.21611096098932
"487","1921.0699999999999",5.19777936190547
"488","1921.0799999999999",5.16129482321573
"489","1921.0899999999999",5.37752442545826
"490","1921.0999999999999",5.47925767805335
"491","1921.1099999999999",5.83819699320089
"492","1921.1199999999999",6.11415884941727
"493","1922.01",6.28708729034713
"494","1922.02",6.46130587269698
"495","1922.03",6.82138724903604
"496","1922.04",7.27325339020986
"497","1922.05",7.59346725891938
"498","1922.0599999999999",7.55798735175513
"499","1922.0699999999999",7.60209504577403
"500","1922.0799999999999",8.02003068989577
"501","1922.0899999999999",8.2650830022843
"502","1922.0999999999999",8.4321519987619
"503","1922.1099999999999",7.99825377226984
"504","1922.1199999999999",7.96467986494
"505","1923.01",8.15420048306916
"506","1923.02",8.53336057906597
"507","1923.03",8.70073750097853
"508","1923.04",8.37280966846381
"509","1923.05",8.00049786759821
"510","1923.0599999999999",7.67182528267308
"511","1923.0699999999999",7.34598511949065
"512","1923.0799999999999",7.44178317421737
"513","1923.0899999999999",7.45818386718979
"514","1923.0999999999999",7.31740039562148
"515","1923.1099999999999",7.54632791191624
"516","1923.1199999999999",7.80973914493874
"517","1924.01",8.07224944603738
"518","1924.02",8.16206622085036
"519","1924.03",8.05807704411609
"520","1924.04",7.92362034832798
"521","1924.05",7.8996983306653
"522","1924.0599999999999",8.05167694639665
"523","1924.0699999999999",8.37771213997184
"524","1924.0799999999999",8.71741830854833
"525","1924.0899999999999",8.58167037520905
"526","1924.0999999999999",8.41949103587243
"527","1924.1099999999999",8.88832736125097
"528","1924.1199999999999",9.31063968041638
"529","1925.01",9.692618852255
"530","1925.02",9.83080472281958
"531","1925.03",9.51853753881003
"532","1925.04",9.47656678790307
"533","1925.05",9.72900769402133
"534","1925.0599999999999",9.79638618045061
"535","1925.0699999999999",9.9639938917878
"536","1925.0799999999999",10.1109184584889
"537","1925.0899999999999",10.3592476113485
"538","1925.0999999999999",10.7184959970229
"539","1925.1099999999999",10.8863174403079
"540","1925.1199999999999",11.1473652391372
"541","1926.01",11.3409661885062
"542","1926.02",11.389435672748
"543","1926.03",10.7123520627325
"544","1926.04",10.3955876859547
"545","1926.05",10.5751584638061
"546","1926.0599999999999",11.19797974023
"547","1926.0699999999999",11.8696940584813
"548","1926.0799999999999",12.4888082195219
"549","1926.0899999999999",12.6926148233447
"550","1926.0999999999999",12.4265175215833
"551","1926.1099999999999",12.6152512123445
"552","1926.1199999999999",13.0090527289931
"553","1927.01",13.1859306286778
"554","1927.02",13.6339661322162
"555","1927.03",14.0332575076045
"556","1927.04",14.4882222091571
"557","1927.05",15.0023470557371
"558","1927.0599999999999",15.1203334817475
"559","1927.0699999999999",15.8208025944778
"560","1927.0799999999999",16.8628618527638
"561","1927.0899999999999",17.8187237135164
"562","1927.0999999999999",17.5372378522611
"563","1927.1099999999999",18.1313014349524
"564","1927.1199999999999",18.6466240214025
"565","1928.01",18.8061285717008
"566","1928.02",18.868850519584
"567","1928.03",19.9434177990645
"568","1928.04",21.2579092494875
"569","1928.05",21.83273217874
"570","1928.0599999999999",20.9134215768667
"571","1928.0699999999999",21.0819054352968
"572","1928.0799999999999",21.7621315025792
"573","1928.0899999999999",23.0046494461592
"574","1928.0999999999999",23.578344239585
"575","1928.1099999999999",25.1219845711096
"576","1928.1199999999999",25.3015910274261
"577","1929.01",27.0831996208328
"578","1929.02",27.1316727982474
"579","1929.03",27.6757484378619
"580","1929.04",27.5684544728983
"581","1929.05",27.6985868750081
"582","1929.0599999999999",27.9354678302887
"583","1929.0699999999999",29.9332894068422
"584","1929.0799999999999",31.480313247173
"585","1929.0899999999999",32.5637885987767
"586","1929.0999999999999",28.9610671643548
"587","1929.1099999999999",21.171036000097
"588","1929.1199999999999",22.0073731764183
"589","1930.01",22.3107242943368
"590","1930.02",23.6971177493359
"591","1930.03",24.5866077926689
"592","1930.04",25.8434368620183
"593","1930.05",24.3097606339082
"594","1930.0599999999999",21.8668993333895
"595","1930.0699999999999",21.5487975925466
"596","1930.0799999999999",21.3006022411181
"597","1930.0899999999999",21.0725817884473
"598","1930.0999999999999",18.2148701546586
"599","1930.1099999999999",16.9397113777752
"600","1930.1199999999999",16.0550018565313
"601","1931.01",16.7054787315476
"602","1931.02",18.1614924369761
"603","1931.03",18.5795610327913
"604","1931.04",16.8723153316097
"605","1931.05",15.4015399991101
"606","1931.0599999999999",15.0624760746432
"607","1931.0699999999999",15.5167500955163
"608","1931.0799999999999",15.0062766028865
"609","1931.0899999999999",12.8177452611069
"610","1931.0999999999999",11.1459264076609
"611","1931.1099999999999",11.4156002956447
"612","1931.1199999999999",9.30603286796831
"613","1932.01",9.31240645517784
"614","1932.02",9.3369322510084
"615","1932.03",9.41306502801221
"616","1932.04",7.19223319611548
"617","1932.05",6.39085728988144
"618","1932.0599999999999",5.56505937152896
"619","1932.0699999999999",5.8387636718512
"620","1932.0799999999999",8.83465320518121
"621","1932.0899999999999",9.76116856406371
"622","1932.0999999999999",8.47860660768908
"623","1932.1099999999999",8.4633095671229
"624","1932.1199999999999",8.25707399910068
"625","1933.01",8.72804616281353
"626","1933.02",7.8260517513166
"627","1933.03",7.87468132294317
"628","1933.04",8.72310164606811
"629","1933.05",11.2496512519324
"630","1933.0599999999999",13.0988755172695
"631","1933.0699999999999",13.7543044938745
"632","1933.0799999999999",12.9995270503677
"633","1933.0899999999999",12.922920614886
"634","1933.0999999999999",11.6962535681437
"635","1933.1099999999999",12.0117661933899
"636","1933.1199999999999",12.2818016226011
"637","1934.01",13.0251198283324
"638","1934.02",13.9269229042743
"639","1934.03",13.2545376297401
"640","1934.04",13.5183892844901
"641","1934.05",12.181583235024
"642","1934.0599999999999",12.2877264839524
"643","1934.0699999999999",11.7415242293182
"644","1934.0799999999999",11.3150259818291
"645","1934.0899999999999",10.9099540832888
"646","1934.0999999999999",11.1083526053517
"647","1934.1099999999999",11.4488086902057
"648","1934.1199999999999",11.6393375664759
"649","1935.01",11.4959079682016
"650","1935.02",11.0878121590556
"651","1935.03",10.39827240479
"652","1935.04",11.1042102071495
"653","1935.05",11.9855766834801
"654","1935.0599999999999",12.5395193244439
"655","1935.0699999999999",13.202137936511
"656","1935.0799999999999",14.105056846669
"657","1935.0899999999999",14.4188917027074
"658","1935.0999999999999",14.8262326271141
"659","1935.1099999999999",16.1296051632511
"660","1935.1199999999999",16.1591927146153
"661","1936.01",17.0873598459972
"662","1936.02",18.1045364595178
"663","1936.03",18.660478203926
"664","1936.04",18.7189996651515
"665","1936.05",17.7501925193286
"666","1936.0599999999999",18.3930010658313
"667","1936.0699999999999",19.3604645123191
"668","1936.0799999999999",19.6230601629838
"669","1936.0899999999999",19.8620242432876
"670","1936.0999999999999",20.9130918525331
"671","1936.1099999999999",21.4997653410242
"672","1936.1199999999999",21.1256635481554
"673","1937.01",21.6187415829535
"674","1937.02",22.2442215528052
"675","1937.03",22.0421970160506
"676","1937.04",20.5565794574329
"677","1937.05",19.4741746865721
"678","1937.0599999999999",18.711659960365
"679","1937.0699999999999",19.6467232796076
"680","1937.0799999999999",19.806982577381
"681","1937.0899999999999",16.8478828627058
"682","1937.0999999999999",14.3616595747534
"683","1937.1099999999999",13.1581191664861
"684","1937.1199999999999",13.0084830337061
"685","1938.01",13.5114619185624
"686","1938.02",13.2630762364609
"687","1938.03",12.3772862346977
"688","1938.04",11.7895177206842
"689","1938.05",11.9922759305457
"690","1938.0599999999999",12.2889663077881
"691","1938.0699999999999",14.7703280174921
"692","1938.0799999999999",14.9035885126044
"693","1938.0899999999999",14.28233050864
"694","1938.0999999999999",16.0611476433334
"695","1938.1099999999999",16.1495718007155
"696","1938.1199999999999",15.756484438994
"697","1939.01",15.5996344109193
"698","1939.02",15.6646969289548
"699","1939.03",15.7292237432142
"700","1939.04",13.9169945798124
"701","1939.05",14.5029294996578
"702","1939.0599999999999",14.8338289214898
"703","1939.0699999999999",15.2709525985703
"704","1939.0799999999999",15.120082343334
"705","1939.0899999999999",16.452835577061
"706","1939.0999999999999",16.8212048062656
"707","1939.1099999999999",16.5992385099466
"708","1939.1199999999999",16.2804129012838
"709","1940.01",16.3784803426137
"710","1940.02",16.2161198477311
"711","1940.03",16.1729063053079
"712","1940.04",16.3709887071288
"713","1940.05",14.1387476948007
"714","1940.0599999999999",12.8437655982688
"715","1940.0699999999999",13.3698847632101
"716","1940.0799999999999",13.6493993923916
"717","1940.0899999999999",14.2148425986206
"718","1940.0999999999999",14.328290323105
"719","1940.1099999999999",14.6366892487636
"720","1940.1199999999999",13.9084261223538
"721","1941.01",13.9041582679508
"722","1941.02",13.0029433034024
"723","1941.03",12.9557198220633
"724","1941.04",12.4293703892208
"725","1941.05",12.0372065124816
"726","1941.0599999999999",12.1643065906284
"727","1941.0699999999999",12.7449962779196
"728","1941.0799999999999",12.4631737203878
"729","1941.0899999999999",12.2797292720931
"730","1941.0999999999999",11.5778149565741
"731","1941.1099999999999",10.911668685917
"732","1941.1199999999999",10.0865933099179
"733","1942.01",10.1016864319293
"734","1942.02",9.68025559174936
"735","1942.03",9.00342661776097
"736","1942.04",8.54425570758826
"737","1942.05",8.50611625969605
"738","1942.0599999999999",8.90545692851805
"739","1942.0699999999999",9.15048890099474
"740","1942.0799999999999",9.0128230475643
"741","1942.0899999999999",9.0778298393715
"742","1942.0999999999999",9.59917674935299
"743","1942.1099999999999",9.66133415217166
"744","1942.1199999999999",9.61751410328318
"745","1943.01",10.1505342204321
"746","1943.02",10.7089829952213
"747","1943.03",10.8505417440368
"748","1943.04",11.0392271429397
"749","1943.05",11.3622158006137
"750","1943.0599999999999",11.5167447864512
"751","1943.0699999999999",11.7742133417817
"752","1943.0799999999999",11.210545904159
"753","1943.0899999999999",11.3362819396103
"754","1943.0999999999999",11.187335503326
"755","1943.1099999999999",10.6310336730014
"756","1943.1199999999999",10.7373603160411
"757","1944.01",11.0524127639775
"758","1944.02",10.9479188877247
"759","1944.03",11.2246931961807
"760","1944.04",10.9382751882394
"761","1944.05",11.1037369367926
"762","1944.0599999999999",11.5327852725325
"763","1944.0699999999999",11.7387747501807
"764","1944.0799999999999",11.5417116742092
"765","1944.0899999999999",11.3285605846965
"766","1944.0999999999999",11.5831051862791
"767","1944.1099999999999",11.4784591980555
"768","1944.1199999999999",11.6386835933551
"769","1945.01",11.960463439807
"770","1945.02",12.3417535481863
"771","1945.03",12.3233103113893
"772","1945.04",12.6318672365631
"773","1945.05",13.0365606287854
"774","1945.0599999999999",13.1302233614061
"775","1945.0699999999999",12.8670284430092
"776","1945.0799999999999",12.9153785622567
"777","1945.0899999999999",13.7982649517198
"778","1945.0999999999999",14.3746626753913
"779","1945.1099999999999",14.8477026618768
"780","1945.1199999999999",15.02034747474
"781","1946.01",15.6231631777617
"782","1946.02",15.7616665258019
"783","1946.03",15.1348734151425
"784","1946.04",16.0408423862159
"785","1946.05",16.0137231708322
"786","1946.0599999999999",15.7731868801287
"787","1946.0699999999999",14.5081361119091
"788","1946.0799999999999",13.9849393099428
"789","1946.0899999999999",11.8412675401496
"790","1946.0999999999999",11.3876029617651
"791","1946.1099999999999",11.1100436567433
"792","1946.1199999999999",11.3727794258627
"793","1947.01",11.4692963347356
"794","1947.02",11.9495653142094
"795","1947.03",11.2879030965013
"796","1947.04",10.9008251263927
"797","1947.05",10.7336742736885
"798","1947.0599999999999",11.0827158550521
"799","1947.0699999999999",11.6964465533544
"800","1947.0799999999999",11.3374723553298
"801","1947.0899999999999",10.8274630172288
"802","1947.0999999999999",11.1326620427548
"803","1947.1099999999999",10.9754073248391
"804","1947.1199999999999",10.6809125319692
"805","1948.01",10.4193426573203
"806","1948.02",9.99976116914418
"807","1948.03",10.1866806094897
"808","1948.04",10.7794844820246
"809","1948.05",11.2410326979844
"810","1948.0599999999999",11.5838957565238
"811","1948.0699999999999",11.1346217391809
"812","1948.0799999999999",10.7235566624781
"813","1948.0899999999999",10.5530136893992
"814","1948.0999999999999",10.8254098091695
"815","1948.1099999999999",10.2480962056356
"816","1948.1199999999999",10.1596529389009
"817","1949.01",10.248285758039
"818","1949.02",9.87251714057006
"819","1949.03",9.90133249124092
"820","1949.04",9.78363986754406
"821","1949.05",9.69229508639582
"822","1949.0599999999999",9.06771894341954
"823","1949.0699999999999",9.60503809336393
"824","1949.0799999999999",9.85134863807923
"825","1949.0899999999999",9.88404836173829
"826","1949.0999999999999",10.1698508447721
"827","1949.1099999999999",10.2158610116507
"828","1949.1199999999999",10.5293309041311
"829","1950.01",10.7457332997479
"830","1950.02",10.9115640667317
"831","1950.03",10.9109465229763
"832","1950.04",11.1780216009561
"833","1950.05",11.4615431045862
"834","1950.0599999999999",11.5541261440443
"835","1950.0699999999999",10.539745658931
"836","1950.0799999999999",11.0406116702615
"837","1950.0899999999999",11.3373911022773
"838","1950.0999999999999",11.6624440391053
"839","1950.1099999999999",11.5421733887163
"840","1950.1199999999999",11.3066657888908
"841","1951.01",11.8957598394371
"842","1951.02",12.1415073706827
"843","1951.03",11.8416264872831
"844","1951.04",11.951097197084
"845","1951.05",11.8638754062692
"846","1951.0599999999999",11.6156648570252
"847","1951.0699999999999",11.7781900924578
"848","1951.0799999999999",12.2569890841451
"849","1951.0899999999999",12.44495315715
"850","1951.0999999999999",12.3094579041187
"851","1951.1099999999999",11.852030617771
"852","1951.1199999999999",12.1470725681068
"853","1952.01",12.5270597481723
"854","1952.02",12.3641193504611
"855","1952.03",12.3623390873904
"856","1952.04",12.2427286832669
"857","1952.05",12.2004787619458
"858","1952.0599999999999",12.4478815817894
"859","1952.0699999999999",12.6691128896225
"860","1952.0799999999999",12.6783782363286
"861","1952.0899999999999",12.4346780204255
"862","1952.0999999999999",12.1311835586869
"863","1952.1099999999999",12.4734697655153
"864","1952.1199999999999",12.9339643061614
"865","1953.01",13.0107734479952
"866","1953.02",12.8593468806879
"867","1953.03",12.8348193400925
"868","1953.04",12.1639014540068
"869","1953.05",12.1419707918678
"870","1953.0599999999999",11.6244078854701
"871","1953.0699999999999",11.75020164531
"872","1953.0799999999999",11.715076201734
"873","1953.0899999999999",11.1393493572629
"874","1953.0999999999999",11.3919347654214
"875","1953.1099999999999",11.6440702685058
"876","1953.1199999999999",11.7544491840273
"877","1954.01",12.0026505549278
"878","1954.02",12.2150524854328
"879","1954.03",12.42010529519
"880","1954.04",12.9078681840609
"881","1954.05",13.3120422380259
"882","1954.0599999999999",13.357885903659
"883","1954.0699999999999",13.8330095642453
"884","1954.0799999999999",14.0421123473206
"885","1954.0899999999999",14.356474143297
"886","1954.0999999999999",14.6192319357306
"887","1954.1099999999999",15.1173116974344
"888","1954.1199999999999",15.7890620023271
"889","1955.01",15.9907810629698
"890","1955.02",16.4377282159871
"891","1955.03",16.2192829455378
"892","1955.04",16.6852666280635
"893","1955.05",16.5180578272578
"894","1955.0599999999999",17.3700919634053
"895","1955.0699999999999",18.4540319066329
"896","1955.0799999999999",18.2223264630477
"897","1955.0899999999999",18.8439606542613
"898","1955.0999999999999",17.7723257893861
"899","1955.1099999999999",18.8355592882739
"900","1955.1199999999999",18.9423690358136
"901","1956.01",18.2925853854189
"902","1956.02",18.2661168151278
"903","1956.03",19.3712100993
"904","1956.04",19.3705936345785
"905","1956.05",18.5445065917544
"906","1956.0599999999999",18.1581638469587
"907","1956.0699999999999",18.8567975968968
"908","1956.0799999999999",18.6709371101864
"909","1956.0899999999999",17.836640796312
"910","1956.0999999999999",17.4189529486361
"911","1956.1099999999999",17.1203397366283
"912","1956.1199999999999",17.1975227255609
"913","1957.01",16.717780078533
"914","1957.02",15.8437331422297
"915","1957.03",15.9004171088692
"916","1957.04",16.1237043602118
"917","1957.05",16.5981107891143
"918","1957.0599999999999",16.7299188724729
"919","1957.0699999999999",16.8688823839798
"920","1957.0799999999999",15.8689427294522
"921","1957.0899999999999",15.1572744889622
"922","1957.0999999999999",14.1494514894835
"923","1957.1099999999999",13.7362422352985
"924","1957.1199999999999",13.6732460579514
"925","1958.01",13.7884315523076
"926","1958.02",13.7849063903377
"927","1958.03",13.9255899238929
"928","1958.04",13.9135017652628
"929","1958.05",14.3238249684092
"930","1958.0599999999999",14.6355555519563
"931","1958.0699999999999",14.9574571019011
"932","1958.0799999999999",15.5445668911659
"933","1958.0899999999999",15.9319231840928
"934","1958.0999999999999",16.5598033103516
"935","1958.1099999999999",16.9888835793863
"936","1958.1199999999999",17.35835736537
"937","1959.01",17.9803393429934
"938","1959.02",17.7591692636114
"939","1959.03",18.2008718454856
"940","1959.04",18.4307530487834
"941","1959.05",18.6927214395942
"942","1959.0599999999999",18.4485913970665
"943","1959.0699999999999",19.0905339757965
"944","1959.0799999999999",18.9588036407502
"945","1959.0899999999999",18.1232905567586
"946","1959.0999999999999",18.0219624415154
"947","1959.1099999999999",18.0717891305702
"948","1959.1199999999999",18.6247289779001
"949","1960.01",18.3382849943756
"950","1960.02",17.545275108946
"951","1960.03",17.2860207205222
"952","1960.04",17.4297669475972
"953","1960.05",17.2561705787279
"954","1960.0599999999999",17.8233638172647
"955","1960.0699999999999",17.3768064728981
"956","1960.0799999999999",17.5821130395777
"957","1960.0899999999999",17.0520154678177
"958","1960.0999999999999",16.605104536251
"959","1960.1099999999999",17.146088452419
"960","1960.1199999999999",17.5620908339571
"961","1961.01",18.4704169864772
"962","1961.02",19.2340144982984
"963","1961.03",19.8442252727256
"964","1961.04",20.3828429757548
"965","1961.05",20.5986068432973
"966","1961.0599999999999",20.3324145515923
"967","1961.0699999999999",20.1466437368273
"968","1961.0799999999999",20.9416884752152
"969","1961.0899999999999",20.7052430441473
"970","1961.0999999999999",20.9241901410108
"971","1961.1099999999999",21.8579577219597
"972","1961.1199999999999",22.0414801983823
"973","1962.01",21.1979314000152
"974","1962.02",21.4516877548734
"975","1962.03",21.4431585685262
"976","1962.04",20.658336447649
"977","1962.05",19.0893674981167
"978","1962.0599999999999",16.8275712447925
"979","1962.0699999999999",17.1413256613228
"980","1962.0799999999999",17.5712626310455
"981","1962.0899999999999",17.3214611474655
"982","1962.0999999999999",16.7398209679013
"983","1962.1099999999999",17.8543864894972
"984","1962.1199999999999",18.5858361184399
"985","1963.01",19.2592316932541
"986","1963.02",19.4691913096714
"987","1963.03",19.2880646066048
"988","1963.04",20.150077238227
"989","1963.05",20.5075858649526
"990","1963.0599999999999",20.384149993841
"991","1963.0699999999999",19.9692318859496
"992","1963.0799999999999",20.4726379005277
"993","1963.0899999999999",20.9603600907051
"994","1963.0999999999999",20.8913445954115
"995","1963.1099999999999",20.7203993353397
"996","1963.1199999999999",21.0385993767371
"997","1964.01",21.6272161969809
"998","1964.02",21.8326708267103
"999","1964.03",22.1672455859826
"1000","1964.04",22.4221921697372
"1001","1964.05",22.5743307695638
"1002","1964.0599999999999",22.3002880360828
"1003","1964.0699999999999",22.9843518457384
"1004","1964.0799999999999",22.6504072929388
"1005","1964.0899999999999",22.8922219842317
"1006","1964.0999999999999",23.2121546806753
"1007","1964.1099999999999",23.2250197930958
"1008","1964.1199999999999",22.7529847727873
"1009","1965.01",23.2693350819225
"1010","1965.02",23.3720682727513
"1011","1965.03",23.2535282000348
"1012","1965.04",23.4205519547713
"1013","1965.05",23.708808308862
"1014","1965.0599999999999",22.3853429864578
"1015","1965.0699999999999",22.3007817121744
"1016","1965.0799999999999",22.6659718459644
"1017","1965.0899999999999",23.3741468316486
"1018","1965.0999999999999",23.7757455233127
"1019","1965.1099999999999",23.9254611566737
"1020","1965.1199999999999",23.6941115491063
"1021","1966.01",24.0584833884217
"1022","1966.02",23.7000271455794
"1023","1966.03",22.61111258229
"1024","1966.04",23.1136964626158
"1025","1966.05",21.8521779767631
"1026","1966.0599999999999",21.5552533832263
"1027","1966.0699999999999",21.3817020074334
"1028","1966.0799999999999",19.9139038640098
"1029","1966.0899999999999",19.161676250615
"1030","1966.0999999999999",18.8254093713157
"1031","1966.1099999999999",19.711251211929
"1032","1966.1199999999999",19.736473752792
"1033","1967.01",20.4322421253843
"1034","1967.02",21.0744431636784
"1035","1967.03",21.4438986020191
"1036","1967.04",21.6860255667462
"1037","1967.05",21.9484773896584
"1038","1967.0599999999999",21.5520976097935
"1039","1967.0699999999999",21.8041962456664
"1040","1967.0799999999999",22.030627049126
"1041","1967.0899999999999",22.2191454886648
"1042","1967.0999999999999",22.0681991941839
"1043","1967.1099999999999",21.2631029683363
"1044","1967.1199999999999",21.7515978087236
"1045","1968.01",21.5115358963322
"1046","1968.02",20.4249923762142
"1047","1968.03",19.9347113082957
"1048","1968.04",21.2773560156717
"1049","1968.05",21.6302271427799
"1050","1968.0599999999999",22.0046234313465
"1051","1968.0699999999999",21.753537415671
"1052","1968.0799999999999",21.1377667936179
"1053","1968.0899999999999",21.6802756332929
"1054","1968.0999999999999",22.0046069279569
"1055","1968.1099999999999",22.1955292271582
"1056","1968.1199999999999",22.2778729954349
"1057","1969.01",21.1949680728472
"1058","1969.02",20.8957299019872
"1059","1969.03",20.2022876164817
"1060","1969.04",20.4286080819322
"1061","1969.05",20.9722582719721
"1062","1969.0599999999999",19.7133415837576
"1063","1969.0699999999999",18.6817082071928
"1064","1969.0799999999999",18.4295155902077
"1065","1969.0899999999999",18.398046344677
"1066","1969.0999999999999",18.4486620318154
"1067","1969.1099999999999",18.4377600846911
"1068","1969.1199999999999",17.3269299137427
"1069","1970.01",17.0905413951402
"1070","1970.02",16.3725867871599
"1071","1970.03",16.5316908139436
"1072","1970.04",15.8730678193541
"1073","1970.05",13.9838360607892
"1074","1970.0599999999999",13.7996917977252
"1075","1970.0699999999999",13.7264997443598
"1076","1970.0799999999999",14.1004565168155
"1077","1970.0899999999999",14.8426611452422
"1078","1970.0999999999999",15.0641854040896
"1079","1970.1099999999999",14.9507619087917
"1080","1970.1199999999999",15.8738406872057
"1081","1971.01",16.4617939434919
"1082","1971.02",17.0345347815021
"1083","1971.03",17.4029026071889
"1084","1971.04",17.9241104479596
"1085","1971.05",17.5641532796994
"1086","1971.0599999999999",17.0831668800707
"1087","1971.0699999999999",16.8894147086934
"1088","1971.0799999999999",16.5194494430516
"1089","1971.0899999999999",16.856792547836
"1090","1971.0999999999999",16.4288627091595
"1091","1971.1099999999999",15.6387126543266
"1092","1971.1199999999999",16.6035572129253
"1093","1972.01",17.2629967970352
"1094","1972.02",17.4641476054862
"1095","1972.03",17.8056438496149
"1096","1972.04",17.9151616784983
"1097","1972.05",17.6626462003726
"1098","1972.0599999999999",17.6408573157403
"1099","1972.0699999999999",17.3986900311382
"1100","1972.0799999999999",17.9434046880298
"1101","1972.0899999999999",17.6138545529121
"1102","1972.0999999999999",17.5331838541586
"1103","1972.1099999999999",18.3388947149681
"1104","1972.1199999999999",18.6457194420737
"1105","1973.01",18.7125304673024
"1106","1973.02",17.8898895991938
"1107","1973.03",17.4121420582903
"1108","1973.04",16.9357400660508
"1109","1973.05",16.3143387596686
"1110","1973.0599999999999",15.808323047682
"1111","1973.0699999999999",15.8895185739888
"1112","1973.0799999999999",15.2785010947061
"1113","1973.0899999999999",15.4753086018056
"1114","1973.0999999999999",15.9135163089334
"1115","1973.1099999999999",14.6518451597106
"1116","1973.1199999999999",13.4933296862059
"1117","1974.01",13.5307218925139
"1118","1974.02",12.9573212802054
"1119","1974.03",13.3103642391402
"1120","1974.04",12.5504110485409
"1121","1974.05",11.9954369473297
"1122","1974.0599999999999",11.888498820079
"1123","1974.0699999999999",10.3941418053271
"1124","1974.0799999999999",9.82419572314119
"1125","1974.0899999999999",8.68042130564633
"1126","1974.0999999999999",8.74498383380958
"1127","1974.1099999999999",8.9489845127556
"1128","1974.1199999999999",8.28906005592308
"1129","1975.01",8.92099550840425
"1130","1975.02",9.76224671616647
"1131","1975.03",10.163796767444
"1132","1975.04",10.2330761366059
"1133","1975.05",10.8181391193358
"1134","1975.0599999999999",11.0113546092477
"1135","1975.0699999999999",10.9027670482386
"1136","1975.0799999999999",10.089769593328
"1137","1975.0899999999999",9.91890535655942
"1138","1975.0999999999999",10.3275997775011
"1139","1975.1099999999999",10.4358594579479
"1140","1975.1199999999999",10.2503684162568
"1141","1976.01",11.1850513626222
"1142","1976.02",11.5860929944497
"1143","1976.03",11.6317544035665
"1144","1976.04",11.6891641322064
"1145","1976.05",11.5320535856094
"1146","1976.0599999999999",11.5438416314171
"1147","1976.0699999999999",11.7574904886899
"1148","1976.0799999999999",11.5979860025093
"1149","1976.0899999999999",11.8059909495398
"1150","1976.0999999999999",11.3456961363167
"1151","1976.1099999999999",11.248855860508
"1152","1976.1199999999999",11.5975897265829
"1153","1977.01",11.4379613467876
"1154","1977.02",11.0148418542228
"1155","1977.03",10.8957465116627
"1156","1977.04",10.6360374091414
"1157","1977.05",10.548486693557
"1158","1977.0599999999999",10.5300239590908
"1159","1977.0699999999999",10.5676924477754
"1160","1977.0799999999999",10.268385666711
"1161","1977.0899999999999",10.0677428200707
"1162","1977.0999999999999",9.76666629955655
"1163","1977.1099999999999",9.7662999836602
"1164","1977.1199999999999",9.67826658253592
"1165","1978.01",9.24146226093469
"1166","1978.02",9.04526357070474
"1167","1978.03",8.9504200776339
"1168","1978.04",9.26258872086685
"1169","1978.05",9.63491072859845
"1170","1978.0599999999999",9.54967898104174
"1171","1978.0699999999999",9.42552404778736
"1172","1978.0799999999999",10.0239708540038
"1173","1978.0899999999999",9.94188747300441
"1174","1978.0999999999999",9.53360835820883
"1175","1978.1099999999999",8.92841890229315
"1176","1978.1199999999999",9.01194181913383
"1177","1979.01",9.25763691913997
"1178","1979.02",9.00374037104563
"1179","1979.03",9.07078502966076
"1180","1979.04",9.13306356621741
"1181","1979.05",8.79438328981495
"1182","1979.0599999999999",8.85393776469395
"1183","1979.0699999999999",8.82749804554236
"1184","1979.0799999999999",9.12716579721503
"1185","1979.0899999999999",9.11275899074096
"1186","1979.0999999999999",8.68184330689931
"1187","1979.1099999999999",8.51878430298355
"1188","1979.1199999999999",8.74520440466929
"1189","1980.01",8.85093418072911
"1190","1980.02",9.05447609219252
"1191","1980.03",8.0811509007855
"1192","1980.04",7.84402450471922
"1193","1980.05",8.10422580717649
"1194","1980.0599999999999",8.51207796230674
"1195","1980.0699999999999",8.88086552729584
"1196","1980.0799999999999",9.07100598161838
"1197","1980.0899999999999",9.19604013174324
"1198","1980.0999999999999",9.35784104675711
"1199","1980.1099999999999",9.65404366323339
"1200","1980.1199999999999",9.38990208492174
"1201","1981.01",9.25940453087795
"1202","1981.02",8.8298993538313
"1203","1981.03",9.08109688385462
"1204","1981.04",9.08556123078874
"1205","1981.05",8.81848346654806
"1206","1981.0599999999999",8.76534074430493
"1207","1981.0699999999999",8.44531946787551
"1208","1981.0799999999999",8.39980631656644
"1209","1981.0899999999999",7.58116305192316
"1210","1981.0999999999999",7.64914171331921
"1211","1981.1099999999999",7.81075256571611
"1212","1981.1199999999999",7.83256213714189
"1213","1982.01",7.38865997337599
"1214","1982.02",7.18182345054673
"1215","1982.03",6.95067379353603
"1216","1982.04",7.25907262542615
"1217","1982.05",7.19261248446462
"1218","1982.0599999999999",6.69213398819759
"1219","1982.0699999999999",6.63865310020876
"1220","1982.0799999999999",6.64342275216609
"1221","1982.0899999999999",7.3988382003233
"1222","1982.0999999999999",7.99984099453459
"1223","1982.1099999999999",8.34747693815542
"1224","1982.1199999999999",8.46773840140047
"1225","1983.01",8.75678322413474
"1226","1983.02",8.91049343662412
"1227","1983.03",9.23282970519052
"1228","1983.04",9.53158128416041
"1229","1983.05",9.8744565046684
"1230","1983.0599999999999",10.00011790313
"1231","1983.0699999999999",10.014475995571
"1232","1983.0799999999999",9.72805693566521
"1233","1983.0899999999999",9.98420245802878
"1234","1983.0999999999999",10.0033917994496
"1235","1983.1099999999999",9.85358164936428
"1236","1983.1199999999999",9.81501090360867
"1237","1984.01",9.89493180920253
"1238","1984.02",9.32452964572798
"1239","1984.03",9.32674706650824
"1240","1984.04",9.30564340459482
"1241","1984.05",9.23183181689605
"1242","1984.0599999999999",9.01018551229101
"1243","1984.0699999999999",8.8683022140433
"1244","1984.0799999999999",9.62306325737317
"1245","1984.0899999999999",9.68734131362808
"1246","1984.0999999999999",9.5950707030485
"1247","1984.1099999999999",9.69197322178309
"1248","1984.1199999999999",9.59505480113346
"1249","1985.01",9.99700117773045
"1250","1985.02",10.4949351726071
"1251","1985.03",10.3732172149247
"1252","1985.04",10.3971187198168
"1253","1985.05",10.6081204678601
"1254","1985.0599999999999",10.8100498458612
"1255","1985.0699999999999",10.9975639567934
"1256","1985.0799999999999",10.7387998088773
"1257","1985.0899999999999",10.4712346616975
"1258","1985.0999999999999",10.5525169829437
"1259","1985.1099999999999",11.1646111286675
"1260","1985.1199999999999",11.6905214744676
"1261","1986.01",11.715007584488
"1262","1986.02",12.3882190994181
"1263","1986.03",13.1890229815327
"1264","1986.04",13.5525041728695
"1265","1986.05",13.5600461992323
"1266","1986.0599999999999",13.8886886264571
"1267","1986.0699999999999",13.6199955340838
"1268","1986.0799999999999",13.8876675508661
"1269","1986.0899999999999",13.4673143129771
"1270","1986.0999999999999",13.4259188608574
"1271","1986.1099999999999",13.8729855961386
"1272","1986.1199999999999",14.0851398147433
"1273","1987.01",14.9222081037189
"1274","1987.02",15.8223181428365
"1275","1987.03",16.4333439760699
"1276","1987.04",16.1965344532209
"1277","1987.05",16.1603119526557
"1278","1987.0599999999999",16.8252073078787
"1279","1987.0699999999999",17.3060043905122
"1280","1987.0799999999999",18.3269072458563
"1281","1987.0899999999999",17.6756204499382
"1282","1987.0999999999999",15.5300555636273
"1283","1987.1099999999999",13.5908851431891
"1284","1987.1199999999999",13.389028514427
"1285","1988.01",13.8983366835691
"1286","1988.02",14.2982709624695
"1287","1988.03",14.6689468111035
"1288","1988.04",14.4333164208389
"1289","1988.05",14.0318913480278
"1290","1988.0599999999999",14.7664686478796
"1291","1988.0699999999999",14.6083157175221
"1292","1988.0799999999999",14.2449463106757
"1293","1988.0899999999999",14.3694287761402
"1294","1988.0999999999999",14.8114501532777
"1295","1988.1099999999999",14.4455306808729
"1296","1988.1199999999999",14.702086748572
"1297","1989.01",15.0880724427133
"1298","1989.02",15.4670604627348
"1299","1989.03",15.2989691088824
"1300","1989.04",15.6867426561446
"1301","1989.05",16.1863535385445
"1302","1989.0599999999999",16.6419042358086
"1303","1989.0699999999999",17.0134076504991
"1304","1989.0799999999999",17.7342514365773
"1305","1989.0899999999999",17.7142206789791
"1306","1989.0999999999999",17.6408538527979
"1307","1989.1099999999999",17.2423692669474
"1308","1989.1199999999999",17.6502129049473
"1309","1990.01",17.0488436068783
"1310","1990.02",16.5080935164903
"1311","1990.03",16.833748233481
"1312","1990.04",16.8139138987358
"1313","1990.05",17.392413588645
"1314","1990.0599999999999",17.817082821653
"1315","1990.0699999999999",17.7471715870702
"1316","1990.0799999999999",16.168334756509
"1317","1990.0899999999999",15.3012854435226
"1318","1990.0999999999999",14.8181479655008
"1319","1990.1099999999999",15.1876075995032
"1320","1990.1199999999999",15.8463149747288
"1321","1991.01",15.6061901188024
"1322","1991.02",17.3546647452051
"1323","1991.03",17.8186200833974
"1324","1991.04",18.155345895198
"1325","1991.05",18.035430911004
"1326","1991.0599999999999",18.0152270446883
"1327","1991.0699999999999",18.1034523455197
"1328","1991.0799999999999",18.5122584553377
"1329","1991.0899999999999",18.3572825917743
"1330","1991.0999999999999",18.349187992002
"1331","1991.1099999999999",18.2888681693013
"1332","1991.1199999999999",18.4416523135127
"1333","1992.01",19.7730682114626
"1334","1992.02",19.5829829703867
"1335","1992.03",19.2835618612985
"1336","1992.04",19.301229507881
"1337","1992.05",19.6622797956417
"1338","1992.0599999999999",19.3153659676446
"1339","1992.0699999999999",19.6207406948244
"1340","1992.0799999999999",19.7221374983515
"1341","1992.0899999999999",19.7087664247453
"1342","1992.0999999999999",19.370271076907
"1343","1992.1099999999999",19.8336560388012
"1344","1992.1199999999999",20.448606721243
"1345","1993.01",20.3234108029957
"1346","1993.02",20.5453367929004
"1347","1993.03",20.8552001486909
"1348","1993.04",20.4573620166422
"1349","1993.05",20.5176056337649
"1350","1993.0599999999999",20.6083570129602
"1351","1993.0699999999999",20.5645964132971
"1352","1993.0799999999999",20.8122275466274
"1353","1993.0899999999999",20.9935010052291
"1354","1993.0999999999999",21.1091782474751
"1355","1993.1099999999999",21.0379011896064
"1356","1993.1199999999999",21.1647320798146
"1357","1994.01",21.4119749138265
"1358","1994.02",21.263840187313
"1359","1994.03",20.8333758894604
"1360","1994.04",20.0552500850638
"1361","1994.05",20.1964924212815
"1362","1994.0599999999999",20.2907636906703
"1363","1994.0699999999999",20.0679518161422
"1364","1994.0799999999999",20.5355494047556
"1365","1994.0899999999999",20.5764501008189
"1366","1994.0999999999999",20.3957592824103
"1367","1994.1099999999999",20.2094730203941
"1368","1994.1199999999999",19.9114841080903
"1369","1995.01",20.2191194224573
"1370","1995.02",20.8025717643327
"1371","1995.03",21.152737302037
"1372","1995.04",21.6427392618797
"1373","1995.05",22.19542669802
"1374","1995.0599999999999",22.7183567595206
"1375","1995.0699999999999",23.3764126915121
"1376","1995.0799999999999",23.2840702562305
"1377","1995.0899999999999",23.9460070752999
"1378","1995.0999999999999",23.9267627640833
"1379","1995.1099999999999",24.3475868811148
"1380","1995.1199999999999",25.0273806649391
"1381","1996.01",24.762465194644
"1382","1996.02",25.9760655505934
"1383","1996.03",25.6299303952161
"1384","1996.04",25.4242038483815
"1385","1996.05",25.814043827699
"1386","1996.0599999999999",25.9666735583338
"1387","1996.0699999999999",24.8584113323484
"1388","1996.0799999999999",25.4125291214549
"1389","1996.0899999999999",25.6801155128768
"1390","1996.0999999999999",26.4834677208972
"1391","1996.1099999999999",27.5856120490128
"1392","1996.1199999999999",27.723946163894
"1393","1997.01",28.3328701299504
"1394","1997.02",29.2656348835759
"1395","1997.03",28.8024585918717
"1396","1997.04",27.5851603381365
"1397","1997.05",29.9283622246888
"1398","1997.0599999999999",31.2565606163813
"1399","1997.0699999999999",32.7666376896699
"1400","1997.0799999999999",32.5862834867132
"1401","1997.0899999999999",32.6665813417086
"1402","1997.0999999999999",32.9014981797981
"1403","1997.1099999999999",32.3366005328127
"1404","1997.1199999999999",33.0307890429054
"1405","1998.01",32.8599684150522
"1406","1998.02",34.70967778227
"1407","1998.03",36.2969277364251
"1408","1998.04",37.2769340430288
"1409","1998.05",36.956598518969
"1410","1998.0599999999999",36.802293460092
"1411","1998.0699999999999",38.2596450852486
"1412","1998.0799999999999",35.4234010248783
"1413","1998.0899999999999",33.5323569808349
"1414","1998.0999999999999",33.7731028790481
"1415","1998.1099999999999",37.3693918839209
"1416","1998.1199999999999",38.8202747800981
"1417","1999.01",40.5769576772081
"1418","1999.02",40.4001592292599
"1419","1999.03",41.356103632713
"1420","1999.04",42.7045095168921
"1421","1999.05",42.556676709518
"1422","1999.0599999999999",42.1806759117469
"1423","1999.0699999999999",43.8280359928054
"1424","1999.0799999999999",41.9307121599405
"1425","1999.0899999999999",41.323451334715
"1426","1999.0999999999999",40.5528543995399
"1427","1999.1099999999999",43.2082907146139
"1428","1999.1199999999999",44.1979397610406
"1429","2000.01",43.772578146938
"1430","2000.02",42.1856358879173
"1431","2000.03",43.2207484399659
"1432","2000.04",43.5285742885077
"1433","2000.05",41.9660505033243
"1434","2000.0599999999999",42.7819715670714
"1435","2000.0699999999999",42.7580936182696
"1436","2000.0799999999999",42.8695654944195
"1437","2000.0899999999999",41.8980079248847
"1438","2000.0999999999999",39.3696990442014
"1439","2000.1099999999999",38.7821424567848
"1440","2000.1199999999999",37.2742380044972
"1441","2001.01",36.9788679970298
"1442","2001.02",35.8346626514313
"1443","2001.03",32.3258372361787
"1444","2001.04",32.1739011683607
"1445","2001.05",34.07464321714
"1446","2001.0599999999999",33.0685344111128
"1447","2001.0699999999999",32.1630386874443
"1448","2001.0799999999999",31.4043187607801
"1449","2001.0899999999999",27.6673925868625
"1450","2001.0999999999999",28.5773731133601
"1451","2001.1099999999999",30.0051038110568
"1452","2001.1199999999999",30.4999532550204
"1453","2002.01",30.277204433096
"1454","2002.02",29.0857041520084
"1455","2002.03",30.2921306409187
"1456","2002.04",29.0058832531187
"1457","2002.05",28.1281075086883
"1458","2002.0599999999999",26.3876725411833
"1459","2002.0699999999999",23.4631204674314
"1460","2002.0799999999999",23.5887135288424
"1461","2002.0899999999999",22.3650368012243
"1462","2002.0999999999999",21.9562338636591
"1463","2002.1099999999999",23.3483965027251
"1464","2002.1199999999999",23.1014425376856
"1465","2003.01",22.8983485766132
"1466","2003.02",21.2141021234153
"1467","2003.03",21.309719026991
"1468","2003.04",22.4279395777309
"1469","2003.05",23.5910804534815
"1470","2003.0599999999999",24.832223259531
"1471","2003.0699999999999",24.8673291012688
"1472","2003.0799999999999",24.6422514099321
"1473","2003.0899999999999",25.2436867526062
"1474","2003.0999999999999",25.6827560705797
"1475","2003.1099999999999",25.9467982184201
"1476","2003.1199999999999",26.6351705110815
"1477","2004.01",27.6585403557366
"1478","2004.02",27.6508620367402
"1479","2004.03",26.8865303840358
"1480","2004.04",26.9005775084449
"1481","2004.05",25.9028142929437
"1482","2004.0599999999999",26.4012853664749
"1483","2004.0699999999999",25.6958886462685
"1484","2004.0799999999999",25.1744622264778
"1485","2004.0899999999999",25.6684067763577
"1486","2004.0999999999999",25.4116556654893
"1487","2004.1099999999999",26.465310814818
"1488","2004.1199999999999",27.1448086947412
"1489","2005.01",26.5872506979704
"1490","2005.02",26.7448631281012
"1491","2005.03",26.3391421310579
"1492","2005.04",25.4089225691145
"1493","2005.05",25.650230187183
"1494","2005.0599999999999",26.068394871884
"1495","2005.0699999999999",26.2878710912547
"1496","2005.0799999999999",26.1043814109361
"1497","2005.0899999999999",25.7301229901645
"1498","2005.0999999999999",24.8765387236479
"1499","2005.1099999999999",25.931783309069
"1500","2005.1199999999999",26.4438031142924
"1501","2006.01",26.4687026266857
"1502","2006.02",26.2496247635833
"1503","2006.03",26.3278377786677
"1504","2006.04",26.1472809438745
"1505","2006.05",25.6506407087573
"1506","2006.0599999999999",24.7495822416464
"1507","2006.0699999999999",24.6967867668533
"1508","2006.0799999999999",25.051393562011
"1509","2006.0899999999999",25.6441564407974
"1510","2006.0999999999999",26.5380402821017
"1511","2006.1099999999999",26.9280202708565
"1512","2006.1199999999999",27.2826897875717
"1513","2007.01",27.2075366568071
"1514","2007.02",27.3151814135166
"1515","2007.03",26.2276055546509
"1516","2007.04",26.9762683141891
"1517","2007.05",27.5484904518513
"1518","2007.0599999999999",27.4182627404106
"1519","2007.0699999999999",27.4100881672043
"1520","2007.0799999999999",26.1486071893123
"1521","2007.0899999999999",26.7257430476969
"1522","2007.0999999999999",27.320648130462
"1523","2007.1099999999999",25.7290535794984
"1524","2007.1199999999999",25.9555101052402
"1525","2008.01",24.0223177608368
"1526","2008.02",23.4952634018118
"1527","2008.03",22.6068108422493
"1528","2008.04",23.3560406432016
"1529","2008.05",23.6964321166232
"1530","2008.0599999999999",22.4168128022819
"1531","2008.0699999999999",20.9072064626616
"1532","2008.0799999999999",21.4016173600479
"1533","2008.0899999999999",20.3627339460975
"1534","2008.0999999999999",16.3873565487898
"1535","2008.1099999999999",15.2596594057046
"1536","2008.1199999999999",15.3760807474238
"1537","2009.01",15.1746519368797
"1538","2009.02",14.1221818019189
"1539","2009.03",13.3236676568639
"1540","2009.04",14.9818664530392
"1541","2009.05",15.9963557552632
"1542","2009.0599999999999",16.3841828162153
"1543","2009.0699999999999",16.6946208169956
"1544","2009.0799999999999",18.0940698015761
"1545","2009.0899999999999",18.8319022648401
"1546","2009.0999999999999",19.3580084434868
"1547","2009.1099999999999",19.8127610799661
"1548","2009.1199999999999",20.3223765002165
"1549","2010.01",20.5278598014544
"1550","2010.02",19.9205393066005
"1551","2010.03",21.0046012097154
"1552","2010.04",21.8048455996252
"1553","2010.05",20.4800686384234
"1554","2010.0599999999999",19.7420398537395
"1555","2010.0699999999999",19.6686604707177
"1556","2010.0799999999999",19.7702991743586
"1557","2010.0899999999999",20.381395233204
"1558","2010.0999999999999",21.2401276517594
"1559","2010.1099999999999",21.7007238277606
"1560","2010.1199999999999",22.3963797730442
"1561","2011.01",22.978299430555
"1562","2011.02",23.4898287032985
"1563","2011.03",22.8993364301436
"1564","2011.04",23.1439294472859
"1565","2011.05",23.0594915060953
"1566","2011.0599999999999",22.100831286611
"1567","2011.0699999999999",22.6109817011566
"1568","2011.0799999999999",20.0498527216605
"1569","2011.0899999999999",19.6981145688777
"1570","2011.0999999999999",20.1558247866887
"1571","2011.1099999999999",20.3452467976458
"1572","2011.1199999999999",20.5235754994317
"1573","2012.01",21.2130080918035
"1574","2012.02",21.7974359637175
"1575","2012.03",22.0539439729047
"1576","2012.04",21.7792469068249
"1577","2012.05",20.9414674197435
"1578","2012.0599999999999",20.5475040868561
"1579","2012.0699999999999",20.9993412933806
"1580","2012.0799999999999",21.4104284534429
"1581","2012.0899999999999",21.7836903017277
"1582","2012.0999999999999",21.5771096545288
"1583","2012.1099999999999",20.8981620595737
"1584","2012.1199999999999",21.2382611398456
"1585","2013.01",21.9004754138218
"1586","2013.02",22.0527243368619
"1587","2013.03",22.4192071146026
"1588","2013.04",22.5956553961056
"1589","2013.05",23.4118417818424
"1590","2013.0599999999999",22.9253331739153
"1591","2013.0699999999999",23.4924601771596
"1592","2013.0799999999999",23.3566490949161
"1593","2013.0899999999999",23.4422871679606
"1594","2013.0999999999999",23.8347378876314
"1595","2013.1099999999999",24.6420770924121
"1596","2013.1199999999999",24.8618692964619
"1597","2014.01",24.8596090936327
"1598","2014.02",24.5909308778941
"1599","2014.03",24.9560391539654
"1600","2014.04",24.7863153969626
"1601","2014.05",24.9432741099026
"1602","2014.0599999999999",25.5580076235113
"1603","2014.0699999999999",25.8175459761587
"1604","2014.0799999999999",25.6176064217994
"1605","2014.0899999999999",25.9184368926062
"1606","2014.0999999999999",25.1627482830833
"1607","2014.1099999999999",26.6068171471434
"1608","2014.1199999999999",26.7940854825726
"1609","2015.01",26.4922954203831
"1610","2015.02",26.9955136993832
"1611","2015.03",26.7286054529285
"1612","2015.04",26.7913716801923
"1613","2015.05",26.8061113796508
"1614","2015.0599999999999",26.4958952927848
"1615","2015.0699999999999",26.3811363363997
"1616","2015.0799999999999",25.6936584170577
"1617","2015.0899999999999",24.4967521704864
"1618","2015.0999999999999",25.4914410460667
"1619","2015.1099999999999",26.2258518909719
"1620","2015.1199999999999",25.9654240371242
"1621","2016.01",24.2061672038785
"1622","2016.02",24.0026067772898
"1623","2016.03",25.3722986201879
"1624","2016.04",25.9223375436739
"1625","2016.05",25.69470992345
"1626","2016.0599999999999",25.8403729276705
"1627","2016.0699999999999",26.6940032560963
"1628","2016.0799999999999",26.9488724337239
"1629","2016.0899999999999",26.7278733464785
"1630","2016.0999999999999",26.5251430850706
"1631","2016.1099999999999",26.8509535310563
"1632","2016.1199999999999",27.8650982239235
"1633","2017.01",28.0635737421245
"1634","2017.02",28.6551065251841
"1635","2017.03",29.0869217424646
"1636","2017.04",28.9042459562752
"1637","2017.05",29.3133449802714
"1638","2017.0599999999999",29.7485032406327
"1639","2017.0699999999999",30.0022207440186
"1640","2017.0799999999999",29.9149593974975
"1641","2017.0899999999999",30.1681144106789
"1642","2017.0999999999999",30.9203932903338
"1643","2017.1099999999999",31.2989133338803
"1644","2017.1199999999999",32.086132007706
"1645","2018.01",33.3073438280307
"1646","2018.02",32.0353823392503
"1647","2018.03",31.8084090576431
"1648","2018.04",30.9701792933252
"1649","2018.05",31.2436150748646
"1650","2018.0599999999999",31.6305564964546
"1651","2018.0699999999999",31.886366962159
"1652","2018.0799999999999",32.3902768803011
"1653","2018.0899999999999",32.6228911205002
"1654","2018.0999999999999",31.0379610780065
"1655","2018.1099999999999",30.1955834067052
"1656","2018.1199999999999",28.2918570120729
"1657","2019.01",28.3801644635476
"1658","2019.02",29.5415489651312
"1659","2019.03",29.5761960147848
"1660","2019.04",30.1335171713875
"1661","2019.05",29.2420309369398
"1662","2019.0599999999999",29.2837962753063
"1663","2019.0699999999999",29.9866853350425
"1664","2019.0799999999999",28.7053973718331
"1665","2019.0899999999999",29.2295202330353
"1666","2019.0999999999999",28.8411228819534
"1667","2019.1099999999999",29.8368676590834
"1668","2019.1199999999999",30.3318223222433
"1669","2020.01",30.9852203002307
"1670","2020.02",30.7296892647357
"1671","2020.03",24.8171686290994
"1672","2020.04",25.9273588252802
"1673","2020.05",27.3284809976985
"1674","2020.0599999999999",28.8383159551228
"1675","2020.0699999999999",29.599194927667
"1676","2020.0799999999999",31.1582089653552
"1677","2020.0899999999999",30.8394260438112
"1678","2020.0999999999999",31.2836940325928
"1679","2020.1099999999999",32.4732040966126
"1680","2020.1199999999999",33.7655914181171
"1681","2021.01",34.5124322941069
"1682","2021.02",35.1039071719698
"1683","2021.03",35.0425451121921
"1684","2021.04",36.719814109133
"1685","2021.05",36.5521339897991
"1686","2021.0599999999999",36.6962580130884
"1687","2021.0699999999999",37.4433831846154
"1688","2021.0799999999999",37.9735006140705
"1689","2021.0899999999999",37.6203466866512
"1690","2021.0999999999999",37.2530250003253
"1691","2021.1099999999999",38.5826274977192
"1692","2021.1199999999999",38.3048498734674
"1693","2022.01",36.9367580702974
"1694","2022.02",35.2871492256949
"1695","2022.03",34.2707986932917
"1696","2022.04",33.8891647559138
"1697","2022.05",30.6731550795451
"1698","2022.0599999999999",29.0477213951038
"1699","2022.0699999999999",29.0046183172089
"1700","2022.0799999999999",30.6987633651753
"1701","2022.0899999999999",28.229884655822
"1702","2022.0999999999999",27.0807669254007
"1703","2022.1099999999999",28.3789490162733
"1704","2022.1199999999999",28.3169012845273
"1705","2023.01",28.3348134237557
"1706","2023.02",28.9197629438666
"1707","2023.03",27.9530414690701
"1708","2023.04",28.7646840771004
"1709","2023.05",28.7618058273031
"1710","2023.0599999999999",29.9395930272315
"1711","2023.0699999999999",30.8909260883331
"1712","2023.0799999999999",30.4697425071386
"1713","2023.0899999999999",30.8109606107915
